season,split,referee,role,gender,experience_years,games_officiated,home_team_win_pct,home_team_point_differential,total_points_per_game,called_fouls_per_game,foul_pct_against_road_teams,foul_pct_against_home_teams,foul_differential_road_minus_home,source_updated_note,source_url
2025-26,playoffs,Tony Brothers,CHIEF,MALE,32,14,0.5,1.7,225.7,45.9,0.493,0.506,-0.6,Stats last updated 9 hours ago,https://www.nbastuffer.com/2025-2026-nba-referee-stats/
2025-26,playoffs,Zach Zarba,CHIEF,MALE,23,13,0.538,2.4,210.1,41.8,0.517,0.482,1.5,Stats last updated 9 hours ago,https://www.nbastuffer.com/2025-2026-nba-referee-stats/
2025-26,playoffs,Marc Davis,CHIEF,MALE,28,13,0.462,-2.2,211.8,42.3,0.5,0.5,0,Stats last updated 9 hours ago,https://www.nbastuffer.com/2025-2026-nba-referee-stats/
2025-26,playoffs,Scott Foster,CHIEF,MALE,32,12,0.75,10.8,210.8,46.1,0.508,0.492,0.8,Stats last updated 9 hours ago,https://www.nbastuffer.com/2025-2026-nba-referee-stats/
2025-26,playoffs,James Capers,CHIEF,MALE,31,9,0.556,-2,220.2,45,0.504,0.496,0.3,Stats last updated 9 hours ago,https://www.nbastuffer.com/2025-2026-nba-referee-stats/
2025-26,playoffs,Mitchell Ervin,CREW,MALE,12,9,0.556,5.8,223.1,46.4,0.503,0.498,0.2,Stats last updated 9 hours ago,https://www.nbastuffer.com/2025-2026-nba-referee-stats/
2025-26,playoffs,Nick Buchert,CREW,MALE,17,10,0.8,5.1,212.9,42.3,0.532,0.468,2.7,Stats last updated 9 hours ago,https://www.nbastuffer.com/2025-2026-nba-referee-stats/
2025-26,playoffs,Justin Van Duyne,CREW,MALE,13,8,0.5,-2,220,45.6,0.488,0.513,-1.1,Stats last updated 9 hours ago,https://www.nbastuffer.com/2025-2026-nba-referee-stats/
2025-26,playoffs,John Goble,CHIEF,MALE,19,8,0.625,3.5,219,45.1,0.521,0.479,1.9,Stats last updated 9 hours ago,https://www.nbastuffer.com/2025-2026-nba-referee-stats/
2025-26,playoffs,Tyler Ford,CREW,MALE,12,10,0.5,2.4,216.4,44.9,0.483,0.517,-1.5,Stats last updated 9 hours ago,https://www.nbastuffer.com/2025-2026-nba-referee-stats/
2025-26,playoffs,Kevin Scott,CREW,MALE,16,9,0.111,-16.2,218.2,44.1,0.501,0.499,0.1,Stats last updated 9 hours ago,https://www.nbastuffer.com/2025-2026-nba-referee-stats/
2025-26,playoffs,Curtis Blair,CREW,MALE,18,9,0.667,2.1,205.7,44.3,0.527,0.474,2.3,Stats last updated 9 hours ago,https://www.nbastuffer.com/2025-2026-nba-referee-stats/
2025-26,playoffs,Sean Wright,CREW,MALE,21,10,0.6,5.5,216.5,43.5,0.501,0.499,0.1,Stats last updated 9 hours ago,https://www.nbastuffer.com/2025-2026-nba-referee-stats/
2025-26,playoffs,Courtney Kirkland,CREW,MALE,27,8,0.875,14.3,219.5,44.3,0.508,0.491,0.8,Stats last updated 9 hours ago,https://www.nbastuffer.com/2025-2026-nba-referee-stats/
2025-26,playoffs,Ray Acosta,CREW,MALE,9,6,0.667,4.8,204.5,44.2,0.52,0.479,1.8,Stats last updated 9 hours ago,https://www.nbastuffer.com/2025-2026-nba-referee-stats/
2025-26,playoffs,Gediminas Petraitis,CREW,MALE,12,7,0.286,-4.7,216.1,43.9,0.485,0.514,-1.3,Stats last updated 9 hours ago,https://www.nbastuffer.com/2025-2026-nba-referee-stats/
2025-26,playoffs,Josh Tiven,CHIEF,MALE,17,6,0.833,8.5,214.8,42,0.504,0.496,0.3,Stats last updated 9 hours ago,https://www.nbastuffer.com/2025-2026-nba-referee-stats/
2025-26,playoffs,Brent Barnaky,CREW,MALE,17,6,0.5,-5.3,224.3,46.2,0.483,0.516,-1.5,Stats last updated 9 hours ago,https://www.nbastuffer.com/2025-2026-nba-referee-stats/
2025-26,playoffs,James Williams,CHIEF,MALE,17,6,0.333,-9.7,219.7,43.2,0.525,0.475,2.2,Stats last updated 9 hours ago,https://www.nbastuffer.com/2025-2026-nba-referee-stats/
2025-26,playoffs,JB DeRosa,CREW,MALE,9,6,1,13,214.3,44.3,0.523,0.478,2,Stats last updated 9 hours ago,https://www.nbastuffer.com/2025-2026-nba-referee-stats/
2025-26,playoffs,Karl Lane,CREW,MALE,16,5,0.6,5.4,210.2,44,0.495,0.505,-0.4,Stats last updated 9 hours ago,https://www.nbastuffer.com/2025-2026-nba-referee-stats/
2025-26,playoffs,Josh Tiven,CREW,MALE,17,7,0.429,-7,221,41,0.519,0.481,1.6,Stats last updated 9 hours ago,https://www.nbastuffer.com/2025-2026-nba-referee-stats/
2025-26,playoffs,Pat Fraher,CREW,MALE,31,5,0.8,14.2,213.8,41,0.507,0.493,0.6,Stats last updated 9 hours ago,https://www.nbastuffer.com/2025-2026-nba-referee-stats/
2025-26,playoffs,James Williams,CREW,MALE,17,5,0.8,9,208.2,38,0.521,0.479,1.6,Stats last updated 9 hours ago,https://www.nbastuffer.com/2025-2026-nba-referee-stats/
2025-26,playoffs,Kevin Cutler,CREW,MALE,17,4,0.75,11,227.5,46.8,0.513,0.486,1.3,Stats last updated 9 hours ago,https://www.nbastuffer.com/2025-2026-nba-referee-stats/
2025-26,playoffs,Brian Forte,CREW,MALE,21,4,0.25,-8.3,215.3,42.5,0.541,0.459,3.5,Stats last updated 9 hours ago,https://www.nbastuffer.com/2025-2026-nba-referee-stats/
2025-26,playoffs,Ed Malloy,CREW,MALE,24,4,0.5,-7.8,212.3,43.8,0.514,0.485,1.3,Stats last updated 9 hours ago,https://www.nbastuffer.com/2025-2026-nba-referee-stats/
2025-26,playoffs,Ben Taylor,CREW,MALE,15,4,0.75,6.5,221.5,47,0.5,0.5,0,Stats last updated 9 hours ago,https://www.nbastuffer.com/2025-2026-nba-referee-stats/
2025-26,playoffs,Jacyn Goble,CREW,MALE,10,3,0,-10,216,45.3,0.471,0.53,-2.7,Stats last updated 9 hours ago,https://www.nbastuffer.com/2025-2026-nba-referee-stats/
2025-26,playoffs,Mark Lindsay,CREW,MALE,19,3,0.667,7,219.7,43,0.504,0.496,0.3,Stats last updated 9 hours ago,https://www.nbastuffer.com/2025-2026-nba-referee-stats/
2025-26,playoffs,Sean Corbin,CREW,MALE,33,3,0.667,4.7,220,46.7,0.457,0.542,-4,Stats last updated 9 hours ago,https://www.nbastuffer.com/2025-2026-nba-referee-stats/
2025-26,playoffs,Andy Nagy,CREW,MALE,7,2,0,-14.5,207.5,40,0.5,0.5,0,Stats last updated 9 hours ago,https://www.nbastuffer.com/2025-2026-nba-referee-stats/
2025-26,playoffs,Dedric Taylor,CREW,MALE,13,2,0.5,3,227,48,0.573,0.427,7,Stats last updated 9 hours ago,https://www.nbastuffer.com/2025-2026-nba-referee-stats/
2025-26,playoffs,Eric Dalen,CREW,MALE,18,2,1,8.5,201.5,48,0.563,0.438,6,Stats last updated 9 hours ago,https://www.nbastuffer.com/2025-2026-nba-referee-stats/
2025-26,playoffs,Tre Maddox,CREW,MALE,16,2,0.5,14,217,42,0.512,0.488,1,Stats last updated 9 hours ago,https://www.nbastuffer.com/2025-2026-nba-referee-stats/
2025-26,playoffs,Natalie Sago,CREW,FEMALE,8,1,1,1,217,34,0.5,0.5,0,Stats last updated 9 hours ago,https://www.nbastuffer.com/2025-2026-nba-referee-stats/
2025-26,playoffs,Jason Goldenberg,CREW,MALE,10,1,1,13,227,46,0.543,0.457,4,Stats last updated 9 hours ago,https://www.nbastuffer.com/2025-2026-nba-referee-stats/
2025-26,playoffs,Mousa Dagher,CREW,MALE,8,1,0,-1,213,47,0.553,0.447,5,Stats last updated 9 hours ago,https://www.nbastuffer.com/2025-2026-nba-referee-stats/
2025-26,playoffs,Marat Kogut,CREW,MALE,17,1,0,-14,208,34,0.5,0.5,0,Stats last updated 9 hours ago,https://www.nbastuffer.com/2025-2026-nba-referee-stats/
2025-26,playoffs,John Goble,CREW,MALE,19,2,0,-7.5,225.5,39.5,0.468,0.532,-2.5,Stats last updated 9 hours ago,https://www.nbastuffer.com/2025-2026-nba-referee-stats/
2025-26,playoffs,James Capers,CREW,MALE,31,3,0.667,4.667,220,50.667,0.533,0.467,3.3,Stats last updated 9 hours ago,https://www.nbastuffer.com/2025-2026-nba-referee-stats/
2025-26,regular_season,Jacyn Goble,CREW,MALE,10,65,0.615,2,234.1,41.1,0.513,0.487,1.1,Stats last updated 9 hours ago,https://www.nbastuffer.com/2025-2026-nba-referee-stats/
2025-26,regular_season,Natalie Sago,CREW,FEMALE,8,63,0.571,2.4,230.8,38.7,0.505,0.495,0.4,Stats last updated 9 hours ago,https://www.nbastuffer.com/2025-2026-nba-referee-stats/
2025-26,regular_season,John Butler,CREW,MALE,8,62,0.484,-1.6,228.5,39.3,0.505,0.495,0.4,Stats last updated 9 hours ago,https://www.nbastuffer.com/2025-2026-nba-referee-stats/
2025-26,regular_season,Andy Nagy,CREW,MALE,7,62,0.532,0.8,237.1,39.9,0.495,0.505,-0.4,Stats last updated 9 hours ago,https://www.nbastuffer.com/2025-2026-nba-referee-stats/
2025-26,regular_season,Jason Goldenberg,CREW,MALE,10,60,0.5,0.9,234.5,39,0.503,0.497,0.3,Stats last updated 9 hours ago,https://www.nbastuffer.com/2025-2026-nba-referee-stats/
2025-26,regular_season,Ray Acosta,CREW,MALE,9,59,0.542,1.4,230.6,39,0.492,0.507,-0.6,Stats last updated 9 hours ago,https://www.nbastuffer.com/2025-2026-nba-referee-stats/
2025-26,regular_season,James Capers,CHIEF,MALE,31,61,0.656,3.5,234,38.9,0.527,0.473,2.1,Stats last updated 9 hours ago,https://www.nbastuffer.com/2025-2026-nba-referee-stats/
2025-26,regular_season,Nate Green,CREW,MALE,8,59,0.525,-1.1,234.6,40.5,0.512,0.489,0.9,Stats last updated 9 hours ago,https://www.nbastuffer.com/2025-2026-nba-referee-stats/
2025-26,regular_season,Sean Corbin,CHIEF,MALE,33,58,0.552,3.3,231.5,38.9,0.504,0.496,0.3,Stats last updated 9 hours ago,https://www.nbastuffer.com/2025-2026-nba-referee-stats/
2025-26,regular_season,Marc Davis,CHIEF,MALE,28,57,0.509,-0.8,234.8,38.6,0.504,0.497,0.3,Stats last updated 9 hours ago,https://www.nbastuffer.com/2025-2026-nba-referee-stats/
2025-26,regular_season,JB DeRosa,CHIEF,MALE,9,55,0.509,0.5,229,39.6,0.501,0.499,0.1,Stats last updated 9 hours ago,https://www.nbastuffer.com/2025-2026-nba-referee-stats/
2025-26,regular_season,Scott Foster,CHIEF,MALE,32,57,0.509,1.6,232.3,41.4,0.492,0.508,-0.6,Stats last updated 9 hours ago,https://www.nbastuffer.com/2025-2026-nba-referee-stats/
2025-26,regular_season,Brandon Schwab,CREW,MALE,6,57,0.474,-0.9,233.2,38.2,0.495,0.505,-0.4,Stats last updated 9 hours ago,https://www.nbastuffer.com/2025-2026-nba-referee-stats/
2025-26,regular_season,Mousa Dagher,CREW,MALE,8,56,0.482,-1.5,233.4,42.4,0.497,0.503,-0.3,Stats last updated 9 hours ago,https://www.nbastuffer.com/2025-2026-nba-referee-stats/
2025-26,regular_season,Tony Brothers,CHIEF,MALE,32,58,0.621,3.9,231.4,39.3,0.49,0.509,-0.8,Stats last updated 9 hours ago,https://www.nbastuffer.com/2025-2026-nba-referee-stats/
2025-26,regular_season,Gediminas Petraitis,CREW,MALE,12,55,0.491,-1.1,228.8,40.5,0.508,0.492,0.6,Stats last updated 9 hours ago,https://www.nbastuffer.com/2025-2026-nba-referee-stats/
2025-26,regular_season,Phenizee Ransom,CREW,MALE,10,54,0.463,0.5,235.7,40.9,0.501,0.5,0,Stats last updated 9 hours ago,https://www.nbastuffer.com/2025-2026-nba-referee-stats/
2025-26,regular_season,Pat Fraher,CHIEF,MALE,31,50,0.58,1.4,234.9,41.6,0.513,0.486,1.2,Stats last updated 9 hours ago,https://www.nbastuffer.com/2025-2026-nba-referee-stats/
2025-26,regular_season,Justin Van Duyne,CREW,MALE,13,56,0.536,-0.8,231.7,39.5,0.508,0.492,0.6,Stats last updated 9 hours ago,https://www.nbastuffer.com/2025-2026-nba-referee-stats/
2025-26,regular_season,Dedric Taylor,CREW,MALE,13,52,0.673,5.7,229.9,39.3,0.519,0.482,1.5,Stats last updated 9 hours ago,https://www.nbastuffer.com/2025-2026-nba-referee-stats/
2025-26,regular_season,Jenna Schroeder,CREW,FEMALE,7,47,0.553,2.3,231.3,39.3,0.524,0.476,1.9,Stats last updated 9 hours ago,https://www.nbastuffer.com/2025-2026-nba-referee-stats/
2025-26,regular_season,Mitchell Ervin,CREW,MALE,12,51,0.627,5.2,231.7,41,0.505,0.495,0.4,Stats last updated 9 hours ago,https://www.nbastuffer.com/2025-2026-nba-referee-stats/
2025-26,regular_season,Jonathan Sterling,CREW,MALE,9,46,0.674,8,233.5,38.4,0.507,0.494,0.5,Stats last updated 9 hours ago,https://www.nbastuffer.com/2025-2026-nba-referee-stats/
2025-26,regular_season,Suyash Mehta,CREW,MALE,7,47,0.511,0.7,228.7,39.1,0.508,0.494,0.6,Stats last updated 9 hours ago,https://www.nbastuffer.com/2025-2026-nba-referee-stats/
2025-26,regular_season,Robert Hussey,CREW,MALE,6,47,0.638,3.8,227.5,38.2,0.504,0.497,0.3,Stats last updated 9 hours ago,https://www.nbastuffer.com/2025-2026-nba-referee-stats/
2025-26,regular_season,Mark Lindsay,CHIEF,MALE,19,43,0.581,1.1,226,39.8,0.511,0.488,0.9,Stats last updated 9 hours ago,https://www.nbastuffer.com/2025-2026-nba-referee-stats/
2025-26,regular_season,John Goble,CHIEF,MALE,19,48,0.521,0.3,229.8,39.8,0.497,0.504,-0.3,Stats last updated 9 hours ago,https://www.nbastuffer.com/2025-2026-nba-referee-stats/
2025-26,regular_season,Tyler Ford,CREW,MALE,12,44,0.545,1.8,231,40.5,0.496,0.503,-0.3,Stats last updated 9 hours ago,https://www.nbastuffer.com/2025-2026-nba-referee-stats/
2025-26,regular_season,Danielle Scott,CREW,FEMALE,0,45,0.533,0.6,236,40.1,0.517,0.483,1.4,Stats last updated 9 hours ago,https://www.nbastuffer.com/2025-2026-nba-referee-stats/
2025-26,regular_season,Che Flores,CREW,FEMALE,5,45,0.578,0,233.7,39.3,0.505,0.495,0.4,Stats last updated 9 hours ago,https://www.nbastuffer.com/2025-2026-nba-referee-stats/
2025-26,regular_season,Courtney Kirkland,CHIEF,MALE,27,45,0.556,0.2,229.2,39.6,0.519,0.481,1.5,Stats last updated 9 hours ago,https://www.nbastuffer.com/2025-2026-nba-referee-stats/
2025-26,regular_season,Nick Buchert,CREW,MALE,17,39,0.538,0.9,229.6,41.4,0.502,0.497,0.2,Stats last updated 9 hours ago,https://www.nbastuffer.com/2025-2026-nba-referee-stats/
2025-26,regular_season,Evan Scott,CREW,MALE,8,43,0.488,-0.4,230,39,0.504,0.497,0.3,Stats last updated 9 hours ago,https://www.nbastuffer.com/2025-2026-nba-referee-stats/
2025-26,regular_season,Matt Myers,CREW,MALE,15,42,0.595,3.5,235.9,39.2,0.511,0.489,0.9,Stats last updated 9 hours ago,https://www.nbastuffer.com/2025-2026-nba-referee-stats/
2025-26,regular_season,Scott Twardoski,CREW,MALE,17,43,0.558,0.8,226.8,39.5,0.506,0.495,0.4,Stats last updated 9 hours ago,https://www.nbastuffer.com/2025-2026-nba-referee-stats/
2025-26,regular_season,Zach Zarba,CHIEF,MALE,23,46,0.587,0.5,230.5,39.5,0.485,0.516,-1.2,Stats last updated 9 hours ago,https://www.nbastuffer.com/2025-2026-nba-referee-stats/
2025-26,regular_season,Pat O'Connell,CREW,MALE,5,42,0.643,6.3,228.9,40.3,0.497,0.502,-0.2,Stats last updated 9 hours ago,https://www.nbastuffer.com/2025-2026-nba-referee-stats/
2025-26,regular_season,JD Ralls,CREW,MALE,3,43,0.581,4.163,226.4,40.953,0.502,0.498,0.2,Stats last updated 9 hours ago,https://www.nbastuffer.com/2025-2026-nba-referee-stats/
2025-26,regular_season,John Conley,CREW,MALE,7,38,0.711,5.8,232.3,39.3,0.507,0.492,0.6,Stats last updated 9 hours ago,https://www.nbastuffer.com/2025-2026-nba-referee-stats/
2025-26,regular_season,Brandon Adair,CREW,MALE,9,39,0.564,0.5,230.9,40.4,0.508,0.493,0.6,Stats last updated 9 hours ago,https://www.nbastuffer.com/2025-2026-nba-referee-stats/
2025-26,regular_season,Simone Jelks,CREW,FEMALE,7,40,0.4,-3.3,230.8,40,0.483,0.518,-1.4,Stats last updated 9 hours ago,https://www.nbastuffer.com/2025-2026-nba-referee-stats/
2025-26,regular_season,Sean Wright,CHIEF,MALE,21,45,0.489,0.1,232.1,41.2,0.503,0.498,0.2,Stats last updated 9 hours ago,https://www.nbastuffer.com/2025-2026-nba-referee-stats/
2025-26,regular_season,Jenna Reneau,CREW,MALE,5,38,0.395,-3.4,230.6,38.6,0.511,0.49,0.8,Stats last updated 9 hours ago,https://www.nbastuffer.com/2025-2026-nba-referee-stats/
2025-26,regular_season,Matt Kallio,CREW,MALE,5,41,0.683,7.1,231.9,38.4,0.502,0.497,0.2,Stats last updated 9 hours ago,https://www.nbastuffer.com/2025-2026-nba-referee-stats/
2025-26,regular_season,Eric Dalen,CREW,MALE,18,41,0.512,-2.4,228.7,39.1,0.52,0.48,1.6,Stats last updated 9 hours ago,https://www.nbastuffer.com/2025-2026-nba-referee-stats/
2025-26,regular_season,Biniam Maru,CREW,MALE,3,38,0.447,-0.316,233.1,40.211,0.51,0.49,0.8,Stats last updated 9 hours ago,https://www.nbastuffer.com/2025-2026-nba-referee-stats/
2025-26,regular_season,Tyler Ricks,CREW,MALE,5,40,0.55,-1.5,226.9,39.6,0.51,0.489,0.8,Stats last updated 9 hours ago,https://www.nbastuffer.com/2025-2026-nba-referee-stats/
2025-26,regular_season,Dannica Baroody,CREW,FEMALE,1,39,0.718,3.923,228.3,38.872,0.514,0.486,1.1,Stats last updated 9 hours ago,https://www.nbastuffer.com/2025-2026-nba-referee-stats/
2025-26,regular_season,Ashley Moyer-Gleich,CREW,FEMALE,8,42,0.595,3.9,230.1,38.2,0.491,0.51,-0.7,Stats last updated 9 hours ago,https://www.nbastuffer.com/2025-2026-nba-referee-stats/
2025-26,regular_season,Karl Lane,CREW,MALE,16,37,0.649,6.1,233.2,39.9,0.52,0.48,1.6,Stats last updated 9 hours ago,https://www.nbastuffer.com/2025-2026-nba-referee-stats/
2025-26,regular_season,Josh Tiven,CHIEF,MALE,17,38,0.421,-5.3,230.8,38.4,0.495,0.505,-0.4,Stats last updated 9 hours ago,https://www.nbastuffer.com/2025-2026-nba-referee-stats/
2025-26,regular_season,Brent Barnaky,CREW,MALE,17,37,0.595,7.2,232.3,39.7,0.491,0.509,-0.7,Stats last updated 9 hours ago,https://www.nbastuffer.com/2025-2026-nba-referee-stats/
2025-26,regular_season,Sha'Rae Mitchell,CREW,FEMALE,5,35,0.486,0.2,230.3,39.5,0.514,0.486,1.1,Stats last updated 9 hours ago,https://www.nbastuffer.com/2025-2026-nba-referee-stats/
2025-26,regular_season,James Williams,CREW,MALE,17,39,0.538,0.8,235.2,38.8,0.496,0.504,-0.3,Stats last updated 9 hours ago,https://www.nbastuffer.com/2025-2026-nba-referee-stats/
2025-26,regular_season,CJ Washington,CREW,MALE,12,35,0.514,-1.6,231.8,40.2,0.5,0.501,-0.1,Stats last updated 9 hours ago,https://www.nbastuffer.com/2025-2026-nba-referee-stats/
2025-26,regular_season,Curtis Blair,CHIEF,MALE,18,34,0.647,3,226.4,38.2,0.505,0.496,0.4,Stats last updated 9 hours ago,https://www.nbastuffer.com/2025-2026-nba-referee-stats/
2025-26,regular_season,Kevin Scott,CREW,MALE,16,36,0.667,7.8,230.5,40.6,0.508,0.491,0.7,Stats last updated 9 hours ago,https://www.nbastuffer.com/2025-2026-nba-referee-stats/
2025-26,regular_season,J.T. Orr,CREW,MALE,17,32,0.469,4.2,226.1,39.3,0.5,0.5,0,Stats last updated 9 hours ago,https://www.nbastuffer.com/2025-2026-nba-referee-stats/
2025-26,regular_season,Michael Smith,CHIEF,MALE,33,32,0.656,4.9,232,41.2,0.504,0.496,0.3,Stats last updated 9 hours ago,https://www.nbastuffer.com/2025-2026-nba-referee-stats/
2025-26,regular_season,Rodney Mott,CHIEF,MALE,31,36,0.583,0.9,227.1,41.5,0.519,0.481,1.6,Stats last updated 9 hours ago,https://www.nbastuffer.com/2025-2026-nba-referee-stats/
2025-26,regular_season,Derrick Collins,CHIEF,MALE,27,32,0.531,2.7,227.9,40.2,0.504,0.495,0.3,Stats last updated 9 hours ago,https://www.nbastuffer.com/2025-2026-nba-referee-stats/
2025-26,regular_season,Kevin Cutler,CREW,MALE,17,34,0.588,4.5,226.9,40.1,0.505,0.496,0.4,Stats last updated 9 hours ago,https://www.nbastuffer.com/2025-2026-nba-referee-stats/
2025-26,regular_season,Brian Forte,CHIEF,MALE,20,28,0.464,3.9,221.5,38.5,0.479,0.522,-1.7,Stats last updated 9 hours ago,https://www.nbastuffer.com/2025-2026-nba-referee-stats/
2025-26,regular_season,Marat Kogut,CHIEF,MALE,17,28,0.464,1.8,235.4,41.8,0.508,0.493,0.6,Stats last updated 9 hours ago,https://www.nbastuffer.com/2025-2026-nba-referee-stats/
2025-26,regular_season,Leon Wood,CHIEF,MALE,31,26,0.5,0.7,235.7,40.4,0.507,0.493,0.6,Stats last updated 9 hours ago,https://www.nbastuffer.com/2025-2026-nba-referee-stats/
2025-26,regular_season,Kevin Cutler,CHIEF,MALE,17,27,0.407,-0.2,225.7,38.1,0.528,0.471,2.1,Stats last updated 9 hours ago,https://www.nbastuffer.com/2025-2026-nba-referee-stats/
2025-26,regular_season,Ed Malloy,CHIEF,MALE,24,30,0.667,3.1,234.2,39.5,0.511,0.489,0.9,Stats last updated 9 hours ago,https://www.nbastuffer.com/2025-2026-nba-referee-stats/
2025-26,regular_season,Josh Tiven,CREW,MALE,17,26,0.615,1.7,226,38.5,0.521,0.479,1.7,Stats last updated 9 hours ago,https://www.nbastuffer.com/2025-2026-nba-referee-stats/
2025-26,regular_season,Kevin Scott,CHIEF,MALE,16,26,0.577,2.5,225.5,38.6,0.489,0.51,-0.8,Stats last updated 9 hours ago,https://www.nbastuffer.com/2025-2026-nba-referee-stats/
2025-26,regular_season,Marat Kogut,CREW,MALE,17,29,0.586,-1,227.3,39.1,0.489,0.512,-0.9,Stats last updated 9 hours ago,https://www.nbastuffer.com/2025-2026-nba-referee-stats/
2025-26,regular_season,James Williams,CHIEF,MALE,17,25,0.72,7.4,231,37.4,0.517,0.484,1.2,Stats last updated 9 hours ago,https://www.nbastuffer.com/2025-2026-nba-referee-stats/
2025-26,regular_season,Brent Barnaky,CHIEF,MALE,17,26,0.462,0.7,228.8,40.3,0.518,0.483,1.4,Stats last updated 9 hours ago,https://www.nbastuffer.com/2025-2026-nba-referee-stats/
2025-26,regular_season,Brian Forte,CREW,MALE,20,26,0.462,-1.7,225,40.2,0.53,0.471,2.4,Stats last updated 9 hours ago,https://www.nbastuffer.com/2025-2026-nba-referee-stats/
2025-26,regular_season,Eric Dalen,CHIEF,MALE,18,21,0.524,5.7,233.6,42.3,0.492,0.508,-0.7,Stats last updated 9 hours ago,https://www.nbastuffer.com/2025-2026-nba-referee-stats/
2025-26,regular_season,Tre Maddox,CREW,MALE,16,25,0.52,3,239.2,40,0.528,0.471,2.3,Stats last updated 9 hours ago,https://www.nbastuffer.com/2025-2026-nba-referee-stats/
2025-26,regular_season,Tre Maddox,CHIEF,MALE,16,20,0.75,7.6,230.9,40.9,0.528,0.471,2.4,Stats last updated 9 hours ago,https://www.nbastuffer.com/2025-2026-nba-referee-stats/
2025-26,regular_season,Bill Kennedy,CHIEF,MALE,31,22,0.545,-1.9,246.2,39.4,0.511,0.488,0.9,Stats last updated 9 hours ago,https://www.nbastuffer.com/2025-2026-nba-referee-stats/
2025-26,regular_season,Nick Buchert,CHIEF,MALE,17,24,0.375,0.7,226.6,39.8,0.496,0.504,-0.3,Stats last updated 9 hours ago,https://www.nbastuffer.com/2025-2026-nba-referee-stats/
2025-26,regular_season,Curtis Blair,CREW,MALE,18,21,0.667,6.1,221.2,40.5,0.513,0.487,1,Stats last updated 9 hours ago,https://www.nbastuffer.com/2025-2026-nba-referee-stats/
2025-26,regular_season,Mark Lindsay,CREW,MALE,19,20,0.6,-1.6,228.9,40.8,0.491,0.509,-0.7,Stats last updated 9 hours ago,https://www.nbastuffer.com/2025-2026-nba-referee-stats/
2025-26,regular_season,Karl Lane,CHIEF,MALE,16,18,0.611,2.4,235.2,40,0.494,0.506,-0.4,Stats last updated 9 hours ago,https://www.nbastuffer.com/2025-2026-nba-referee-stats/
2025-26,regular_season,Brett Nansel,CREW,MALE,12,15,0.4,0.1,230.4,39.6,0.498,0.502,-0.1,Stats last updated 9 hours ago,https://www.nbastuffer.com/2025-2026-nba-referee-stats/
2025-26,regular_season,Tyler Ford,CHIEF,MALE,12,15,0.733,11.3,231.9,38.4,0.488,0.512,-0.9,Stats last updated 9 hours ago,https://www.nbastuffer.com/2025-2026-nba-referee-stats/
2025-26,regular_season,Zach Zarba,CREW,MALE,23,14,0.5,4.9,240.6,39.2,0.505,0.496,0.4,Stats last updated 9 hours ago,https://www.nbastuffer.com/2025-2026-nba-referee-stats/
2025-26,regular_season,Mitchell Ervin,CHIEF,MALE,12,13,0.538,2.6,232.5,41.8,0.508,0.491,0.7,Stats last updated 9 hours ago,https://www.nbastuffer.com/2025-2026-nba-referee-stats/
2025-26,regular_season,John Goble,CREW,MALE,19,13,0.846,9.4,233.1,37.5,0.503,0.498,0.2,Stats last updated 9 hours ago,https://www.nbastuffer.com/2025-2026-nba-referee-stats/
2025-26,regular_season,Sean Wright,CREW,MALE,21,14,0.429,-2.9,220.2,40.1,0.502,0.497,0.2,Stats last updated 9 hours ago,https://www.nbastuffer.com/2025-2026-nba-referee-stats/
2025-26,regular_season,Leon Wood,CREW,MALE,31,13,0.308,-5,227.3,38.5,0.501,0.5,0.1,Stats last updated 9 hours ago,https://www.nbastuffer.com/2025-2026-nba-referee-stats/
2025-26,regular_season,Courtney Kirkland,CREW,MALE,27,15,0.333,-3.7,236.1,39.5,0.484,0.516,-1.3,Stats last updated 9 hours ago,https://www.nbastuffer.com/2025-2026-nba-referee-stats/
2025-26,regular_season,Scott Twardoski,CHIEF,MALE,17,13,0.692,3.6,233.5,38.6,0.528,0.472,2.2,Stats last updated 9 hours ago,https://www.nbastuffer.com/2025-2026-nba-referee-stats/
2025-26,regular_season,Justin Van Duyne,CHIEF,MALE,13,9,0.556,-0.6,227.9,37.3,0.515,0.486,1.1,Stats last updated 9 hours ago,https://www.nbastuffer.com/2025-2026-nba-referee-stats/
2025-26,regular_season,Derrick Collins,CREW,MALE,27,9,0.333,0.7,234.9,40.8,0.528,0.471,2.3,Stats last updated 9 hours ago,https://www.nbastuffer.com/2025-2026-nba-referee-stats/
2025-26,regular_season,Brent Haskill,CREW,MALE,5,8,0.375,1.1,236.9,42,0.464,0.536,-3,Stats last updated 9 hours ago,https://www.nbastuffer.com/2025-2026-nba-referee-stats/
2025-26,regular_season,Nate Cearley,CREW,MALE,1,8,0.5,-7.5,234,41.25,0.491,0.509,-0.8,Stats last updated 9 hours ago,https://www.nbastuffer.com/2025-2026-nba-referee-stats/
2025-26,regular_season,Bill Kennedy,CREW,MALE,31,13,0.538,4.6,225.1,36.6,0.507,0.494,0.5,Stats last updated 9 hours ago,https://www.nbastuffer.com/2025-2026-nba-referee-stats/
2025-26,regular_season,J.T. Orr,CHIEF,MALE,17,9,0.667,2.2,235.6,39.7,0.481,0.518,-1.4,Stats last updated 9 hours ago,https://www.nbastuffer.com/2025-2026-nba-referee-stats/
2025-26,regular_season,Gediminas Petraitis,CHIEF,MALE,12,10,0.5,0.1,227.7,39.2,0.5,0.5,0,Stats last updated 9 hours ago,https://www.nbastuffer.com/2025-2026-nba-referee-stats/
2025-26,regular_season,Pat Fraher,CREW,MALE,31,12,0.583,-2.6,231.3,41.2,0.502,0.498,0.2,Stats last updated 9 hours ago,https://www.nbastuffer.com/2025-2026-nba-referee-stats/
2025-26,regular_season,Intae Hwang,CREW,MALE,4,14,0.643,5.4,226,38.2,0.496,0.505,-0.4,Stats last updated 9 hours ago,https://www.nbastuffer.com/2025-2026-nba-referee-stats/
2025-26,regular_season,JB DeRosa,CREW,MALE,9,10,0.7,8.1,223.1,39.1,0.524,0.476,1.9,Stats last updated 9 hours ago,https://www.nbastuffer.com/2025-2026-nba-referee-stats/
2025-26,regular_season,Aaron Smith,CREW,MALE,11,16,0.625,4,228.4,39.9,0.497,0.504,-0.3,Stats last updated 9 hours ago,https://www.nbastuffer.com/2025-2026-nba-referee-stats/
2025-26,regular_season,Michael Smith,CREW,MALE,33,7,0.571,1.4,229.7,43.6,0.505,0.495,0.4,Stats last updated 9 hours ago,https://www.nbastuffer.com/2025-2026-nba-referee-stats/
2025-26,regular_season,CJ Washington,CHIEF,MALE,12,6,0.5,-2,251.7,37.5,0.538,0.462,2.8,Stats last updated 9 hours ago,https://www.nbastuffer.com/2025-2026-nba-referee-stats/
2025-26,regular_season,Rodney Mott,CREW,MALE,31,6,0.5,-3.5,230.5,38.8,0.498,0.503,-0.2,Stats last updated 9 hours ago,https://www.nbastuffer.com/2025-2026-nba-referee-stats/
2025-26,regular_season,Ed Malloy,CREW,MALE,24,9,0.778,10.9,229.8,40.6,0.534,0.465,2.8,Stats last updated 9 hours ago,https://www.nbastuffer.com/2025-2026-nba-referee-stats/
2025-26,regular_season,Ben Taylor,CREW,MALE,15,12,0.833,13,234.5,39.6,0.499,0.501,-0.1,Stats last updated 9 hours ago,https://www.nbastuffer.com/2025-2026-nba-referee-stats/
2025-26,regular_season,David Guthrie,CREW,MALE,21,7,0.429,-0.1,233.3,45.4,0.5,0.5,0,Stats last updated 9 hours ago,https://www.nbastuffer.com/2025-2026-nba-referee-stats/
2025-26,regular_season,Matt Myers,CHIEF,MALE,15,5,0.4,-4.6,245,38.8,0.459,0.541,-3.2,Stats last updated 9 hours ago,https://www.nbastuffer.com/2025-2026-nba-referee-stats/
2025-26,regular_season,Gina Catanzariti,CREW,FEMALE,1,3,1,21,227,39.333,0.458,0.542,-3.3,Stats last updated 9 hours ago,https://www.nbastuffer.com/2025-2026-nba-referee-stats/
2025-26,regular_season,Chelisa Painter,CREW,FEMALE,1,3,0,-14.667,216.7,40.667,0.443,0.557,-4.7,Stats last updated 9 hours ago,https://www.nbastuffer.com/2025-2026-nba-referee-stats/
2025-26,regular_season,Klajdi Mulla,CREW,MALE,1,3,0.333,-3,251,44.667,0.47,0.53,-2.7,Stats last updated 9 hours ago,https://www.nbastuffer.com/2025-2026-nba-referee-stats/
2025-26,regular_season,Marc Davis,CREW,MALE,28,5,0.4,2.2,241.4,43.8,0.457,0.543,-3.8,Stats last updated 9 hours ago,https://www.nbastuffer.com/2025-2026-nba-referee-stats/
2025-26,regular_season,Scott Foster,CREW,MALE,32,5,0.8,3.4,244.6,39.4,0.497,0.503,-0.2,Stats last updated 9 hours ago,https://www.nbastuffer.com/2025-2026-nba-referee-stats/
2025-26,regular_season,Dedric Taylor,CHIEF,MALE,13,5,0.2,-6.6,228.6,42.4,0.509,0.491,0.8,Stats last updated 9 hours ago,https://www.nbastuffer.com/2025-2026-nba-referee-stats/
2025-26,regular_season,Eric Lewis,CREW,MALE,22,9,0.667,4.2,244.7,42.6,0.506,0.493,0.6,Stats last updated 9 hours ago,https://www.nbastuffer.com/2025-2026-nba-referee-stats/
2025-26,regular_season,Brett Nansel,CHIEF,MALE,12,2,0.5,14.5,223.5,39,0.513,0.487,1,Stats last updated 9 hours ago,https://www.nbastuffer.com/2025-2026-nba-referee-stats/
2025-26,regular_season,Agon Abazi,CREW,MALE,2,2,1,14,237,41,0.537,0.463,3,Stats last updated 9 hours ago,https://www.nbastuffer.com/2025-2026-nba-referee-stats/
2025-26,regular_season,David Guthrie,CHIEF,MALE,21,5,0.6,1,230.2,36.6,0.492,0.508,-0.6,Stats last updated 9 hours ago,https://www.nbastuffer.com/2025-2026-nba-referee-stats/
2025-26,regular_season,Marcy Williams,CREW,FEMALE,1,2,0,-16,241,43.5,0.483,0.517,-1.5,Stats last updated 9 hours ago,https://www.nbastuffer.com/2025-2026-nba-referee-stats/
2025-26,regular_season,Sean Corbin,CREW,MALE,33,2,1,25.5,235.5,34,0.5,0.5,0,Stats last updated 9 hours ago,https://www.nbastuffer.com/2025-2026-nba-referee-stats/
2025-26,regular_season,Che Flores,CHIEF,FEMALE,5,2,0.5,-0.5,217.5,35.5,0.521,0.479,1.5,Stats last updated 9 hours ago,https://www.nbastuffer.com/2025-2026-nba-referee-stats/
2025-26,regular_season,Eric Lewis,CHIEF,MALE,22,5,1,9.6,236,40.8,0.539,0.461,3.2,Stats last updated 9 hours ago,https://www.nbastuffer.com/2025-2026-nba-referee-stats/
2025-26,regular_season,Angel Kent,CREW,FEMALE,1,1,1,1,229,38,0.447,0.553,-4,Stats last updated 9 hours ago,https://www.nbastuffer.com/2025-2026-nba-referee-stats/
2025-26,regular_season,Ben Taylor,CHIEF,MALE,15,5,0.6,4.8,243.2,35,0.509,0.491,0.6,Stats last updated 9 hours ago,https://www.nbastuffer.com/2025-2026-nba-referee-stats/
2024-25,playoffs,Ray Acosta,CREW,MALE,8,2,0.5,13.5,199.5,43.5,0.506,0.494,0.5,Stats last updated 2025-06-25 10:31:05,https://www.nbastuffer.com/2024-2025-nba-referee-stats/
2024-25,playoffs,Marc Davis,CHIEF,MALE,27,9,0.333,0.1,216.6,41.3,0.506,0.495,0.4,Stats last updated 2025-06-25 10:31:05,https://www.nbastuffer.com/2024-2025-nba-referee-stats/
2024-25,playoffs,Jacyn Goble,CREW,MALE,9,1,1,17,189,30,0.567,0.433,4,Stats last updated 2025-06-25 10:31:05,https://www.nbastuffer.com/2024-2025-nba-referee-stats/
2024-25,playoffs,Gediminas Petraitis,CREW,MALE,11,2,1,21.5,214.5,40,0.538,0.463,3,Stats last updated 2025-06-25 10:31:05,https://www.nbastuffer.com/2024-2025-nba-referee-stats/
2024-25,playoffs,Andy Nagy,CREW,MALE,6,1,0,-3,209,51,0.471,0.529,-3,Stats last updated 2025-06-25 10:31:05,https://www.nbastuffer.com/2024-2025-nba-referee-stats/
2024-25,playoffs,Sean Corbin,CHIEF,MALE,32,6,0.833,8,216.7,37.3,0.527,0.474,2,Stats last updated 2025-06-25 10:31:05,https://www.nbastuffer.com/2024-2025-nba-referee-stats/
2024-25,playoffs,Jason Goldenberg,CREW,MALE,9,2,0.5,5,211,35,0.429,0.571,-5,Stats last updated 2025-06-25 10:31:05,https://www.nbastuffer.com/2024-2025-nba-referee-stats/
2024-25,playoffs,Tony Brothers,CHIEF,MALE,31,15,0.667,10.7,217.3,39.4,0.496,0.504,-0.3,Stats last updated 2025-06-25 10:31:05,https://www.nbastuffer.com/2024-2025-nba-referee-stats/
2024-25,playoffs,Mitchell Ervin,CREW,MALE,11,4,0.5,1.8,209.8,41.8,0.484,0.514,-1.3,Stats last updated 2025-06-25 10:31:05,https://www.nbastuffer.com/2024-2025-nba-referee-stats/
2024-25,playoffs,Scott Foster,CHIEF,MALE,31,4,0.25,3.5,209.5,47.5,0.489,0.511,-1,Stats last updated 2025-06-25 10:31:05,https://www.nbastuffer.com/2024-2025-nba-referee-stats/
2024-25,playoffs,Justin Van Duyne,CREW,MALE,12,2,0.5,-6.5,193.5,44,0.545,0.455,4,Stats last updated 2025-06-25 10:31:05,https://www.nbastuffer.com/2024-2025-nba-referee-stats/
2024-25,playoffs,Scott Twardoski,CREW,MALE,16,1,0,-6,194,46,0.522,0.478,2,Stats last updated 2025-06-25 10:31:05,https://www.nbastuffer.com/2024-2025-nba-referee-stats/
2024-25,playoffs,Courtney Kirkland,CHIEF,MALE,26,4,0.75,-2.5,221,45.3,0.53,0.469,2.8,Stats last updated 2025-06-25 10:31:05,https://www.nbastuffer.com/2024-2025-nba-referee-stats/
2024-25,playoffs,Brent Barnaky,CREW,MALE,16,5,0.6,4.8,226.4,48.4,0.488,0.512,-1.2,Stats last updated 2025-06-25 10:31:05,https://www.nbastuffer.com/2024-2025-nba-referee-stats/
2024-25,playoffs,Mark Lindsay,CHIEF,MALE,18,1,1,2,222,43,0.581,0.419,7,Stats last updated 2025-06-25 10:31:05,https://www.nbastuffer.com/2024-2025-nba-referee-stats/
2024-25,playoffs,Zach Zarba,CHIEF,MALE,22,8,0.625,6.1,228.4,40,0.534,0.466,2.8,Stats last updated 2025-06-25 10:31:05,https://www.nbastuffer.com/2024-2025-nba-referee-stats/
2024-25,playoffs,Nick Buchert,CREW,MALE,16,3,0.667,21.3,219.3,39,0.504,0.496,0.3,Stats last updated 2025-06-25 10:31:05,https://www.nbastuffer.com/2024-2025-nba-referee-stats/
2024-25,playoffs,Tyler Ford,CREW,MALE,11,5,0.4,-0.8,210.4,38,0.484,0.516,-1.2,Stats last updated 2025-06-25 10:31:05,https://www.nbastuffer.com/2024-2025-nba-referee-stats/
2024-25,playoffs,Brian Forte,CHIEF,MALE,20,1,1,19,217,29,0.448,0.552,-3,Stats last updated 2025-06-25 10:31:05,https://www.nbastuffer.com/2024-2025-nba-referee-stats/
2024-25,playoffs,Tre Maddox,CREW,MALE,15,3,0.333,-4,200,42.7,0.515,0.484,1.3,Stats last updated 2025-06-25 10:31:05,https://www.nbastuffer.com/2024-2025-nba-referee-stats/
2024-25,playoffs,Kevin Cutler,CREW,MALE,16,1,0,-6,222,46,0.5,0.5,0,Stats last updated 2025-06-25 10:31:05,https://www.nbastuffer.com/2024-2025-nba-referee-stats/
2024-25,playoffs,Ben Taylor,CREW,MALE,14,9,0.667,9.1,215.8,42.4,0.503,0.498,0.2,Stats last updated 2025-06-25 10:31:05,https://www.nbastuffer.com/2024-2025-nba-referee-stats/
2024-25,playoffs,John Goble,CHIEF,MALE,18,4,0.5,13.3,230.3,47.3,0.486,0.513,-1.3,Stats last updated 2025-06-25 10:31:05,https://www.nbastuffer.com/2024-2025-nba-referee-stats/
2024-25,playoffs,James Williams,CREW,MALE,16,8,0.5,-4.9,217.1,38,0.487,0.513,-1,Stats last updated 2025-06-25 10:31:05,https://www.nbastuffer.com/2024-2025-nba-referee-stats/
2024-25,playoffs,James Capers,CHIEF,MALE,30,13,0.538,9.5,205.2,43.2,0.488,0.511,-1,Stats last updated 2025-06-25 10:31:05,https://www.nbastuffer.com/2024-2025-nba-referee-stats/
2024-25,playoffs,Marat Kogut,CREW,MALE,16,3,0.333,-1,220.3,42.7,0.5,0.5,0,Stats last updated 2025-06-25 10:31:05,https://www.nbastuffer.com/2024-2025-nba-referee-stats/
2024-25,playoffs,Sean Wright,CHIEF,MALE,20,1,1,11,231,40,0.525,0.475,2,Stats last updated 2025-06-25 10:31:05,https://www.nbastuffer.com/2024-2025-nba-referee-stats/
2024-25,playoffs,Curtis Blair,CHIEF,MALE,17,3,0.667,8,202,42,0.484,0.516,-1.3,Stats last updated 2025-06-25 10:31:05,https://www.nbastuffer.com/2024-2025-nba-referee-stats/
2024-25,playoffs,Ed Malloy,CHIEF,MALE,23,1,1,9,209,42,0.548,0.452,4,Stats last updated 2025-06-25 10:31:05,https://www.nbastuffer.com/2024-2025-nba-referee-stats/
2024-25,playoffs,Karl Lane,CREW,MALE,15,4,0.75,2.5,236.5,37.5,0.513,0.487,1,Stats last updated 2025-06-25 10:31:05,https://www.nbastuffer.com/2024-2025-nba-referee-stats/
2024-25,playoffs,Eric Dalen,CREW,MALE,17,4,0.5,3.8,220.3,40.3,0.515,0.484,1.3,Stats last updated 2025-06-25 10:31:05,https://www.nbastuffer.com/2024-2025-nba-referee-stats/
2024-25,playoffs,Rodney Mott,CHIEF,MALE,30,2,0,-19.5,222.5,41,0.451,0.549,-4,Stats last updated 2025-06-25 10:31:05,https://www.nbastuffer.com/2024-2025-nba-referee-stats/
2024-25,playoffs,Bill Kennedy,CHIEF,MALE,30,4,0.5,-2.5,233.5,45.5,0.495,0.505,-0.5,Stats last updated 2025-06-25 10:31:05,https://www.nbastuffer.com/2024-2025-nba-referee-stats/
2024-25,playoffs,Kevin Scott,CREW,MALE,15,7,0.571,-4.1,209.9,37.3,0.525,0.475,1.9,Stats last updated 2025-06-25 10:31:05,https://www.nbastuffer.com/2024-2025-nba-referee-stats/
2024-25,playoffs,JB DeRosa,CHIEF,MALE,8,3,0.333,-5,229.7,41.3,0.484,0.517,-1.3,Stats last updated 2025-06-25 10:31:05,https://www.nbastuffer.com/2024-2025-nba-referee-stats/
2024-25,playoffs,Pat Fraher,CHIEF,MALE,30,1,1,17,205,44,0.5,0.5,0,Stats last updated 2025-06-25 10:31:05,https://www.nbastuffer.com/2024-2025-nba-referee-stats/
2024-25,playoffs,Dedric Taylor,CREW,MALE,12,1,1,16,218,38,0.526,0.474,2,Stats last updated 2025-06-25 10:31:05,https://www.nbastuffer.com/2024-2025-nba-referee-stats/
2024-25,playoffs,Pat Fraher,CREW,MALE,30,5,0.6,7,225,42.6,0.479,0.521,-1.8,Stats last updated 2025-06-25 10:31:05,https://www.nbastuffer.com/2024-2025-nba-referee-stats/
2024-25,playoffs,Ed Malloy,CREW,MALE,23,7,0.571,16.4,219,43.7,0.513,0.487,1.1,Stats last updated 2025-06-25 10:31:05,https://www.nbastuffer.com/2024-2025-nba-referee-stats/
2024-25,playoffs,Josh Tiven,CREW,MALE,16,11,0.727,13.8,221.5,43.5,0.495,0.504,-0.4,Stats last updated 2025-06-25 10:31:05,https://www.nbastuffer.com/2024-2025-nba-referee-stats/
2024-25,playoffs,Marat Kogut,CHIEF,MALE,16,1,0,-6,222,46,0.5,0.5,0,Stats last updated 2025-06-25 10:31:05,https://www.nbastuffer.com/2024-2025-nba-referee-stats/
2024-25,playoffs,Curtis Blair,CREW,MALE,17,5,1,18.4,229.6,39.8,0.503,0.497,0.2,Stats last updated 2025-06-25 10:31:05,https://www.nbastuffer.com/2024-2025-nba-referee-stats/
2024-25,playoffs,Brian Forte,CREW,MALE,20,7,0.429,2.7,224.4,39.9,0.516,0.483,1.3,Stats last updated 2025-06-25 10:31:05,https://www.nbastuffer.com/2024-2025-nba-referee-stats/
2024-25,playoffs,Courtney Kirkland,CREW,MALE,26,6,0.667,8.3,218.3,41.3,0.48,0.521,-1.7,Stats last updated 2025-06-25 10:31:05,https://www.nbastuffer.com/2024-2025-nba-referee-stats/
2024-25,playoffs,Sean Wright,CREW,MALE,20,9,0.333,0.4,216.2,45.7,0.501,0.498,0.1,Stats last updated 2025-06-25 10:31:05,https://www.nbastuffer.com/2024-2025-nba-referee-stats/
2024-25,playoffs,John Goble,CREW,MALE,18,8,0.75,3.3,226.3,41.3,0.499,0.499,0,Stats last updated 2025-06-25 10:31:05,https://www.nbastuffer.com/2024-2025-nba-referee-stats/
2024-25,playoffs,Mark Lindsay,CREW,MALE,18,7,0.429,4.3,213.1,40.9,0.51,0.489,0.9,Stats last updated 2025-06-25 10:31:05,https://www.nbastuffer.com/2024-2025-nba-referee-stats/
2024-25,playoffs,Zach Zarba,CREW,MALE,22,6,0.333,-0.5,214.5,42.3,0.512,0.489,1,Stats last updated 2025-06-25 10:31:05,https://www.nbastuffer.com/2024-2025-nba-referee-stats/
2024-25,playoffs,Brent Barnaky,CHIEF,MALE,16,1,1,16,246,42,0.5,0.5,0,Stats last updated 2025-06-25 10:31:05,https://www.nbastuffer.com/2024-2025-nba-referee-stats/
2024-25,playoffs,Bill Kennedy,CREW,MALE,30,2,0,-24,199,35.5,0.465,0.535,-2.5,Stats last updated 2025-06-25 10:31:05,https://www.nbastuffer.com/2024-2025-nba-referee-stats/
2024-25,playoffs,David Guthrie,CHIEF,MALE,20,2,0.5,2.5,201.5,31.5,0.492,0.508,-0.5,Stats last updated 2025-06-25 10:31:05,https://www.nbastuffer.com/2024-2025-nba-referee-stats/
2024-25,playoffs,JB DeRosa,CREW,MALE,8,6,0.667,18.8,212.5,43.3,0.477,0.523,-2,Stats last updated 2025-06-25 10:31:05,https://www.nbastuffer.com/2024-2025-nba-referee-stats/
2024-25,playoffs,David Guthrie,CREW,MALE,20,10,0.7,6.5,217.5,41.2,0.524,0.476,2,Stats last updated 2025-06-25 10:31:05,https://www.nbastuffer.com/2024-2025-nba-referee-stats/
2024-25,playoffs,Rodney Mott,CREW,MALE,30,1,0,-10,180,33,0.545,0.455,3,Stats last updated 2025-06-25 10:31:05,https://www.nbastuffer.com/2024-2025-nba-referee-stats/
2024-25,playoffs,Scott Foster,CREW,MALE,31,3,1,22,236.7,43.7,0.496,0.503,-0.3,Stats last updated 2025-06-25 10:31:05,https://www.nbastuffer.com/2024-2025-nba-referee-stats/
2024-25,playoffs,Marc Davis,CREW,MALE,27,5,0.4,2.4,222,44.4,0.523,0.477,2,Stats last updated 2025-06-25 10:31:05,https://www.nbastuffer.com/2024-2025-nba-referee-stats/
2024-25,playoffs,James Capers,CREW,MALE,30,2,1,13,228,41.5,0.434,0.566,-5.5,Stats last updated 2025-06-25 10:31:05,https://www.nbastuffer.com/2024-2025-nba-referee-stats/
2024-25,regular_season,Ray Acosta,CREW,MALE,8,65,0.538,1.6,227,36.4,0.508,0.491,0.6,Stats last updated 2025-06-25 10:31:05,https://www.nbastuffer.com/2024-2025-nba-referee-stats/
2024-25,regular_season,Natalie Sago,CREW,FEMALE,7,64,0.516,0.5,224.3,36.6,0.497,0.502,-0.2,Stats last updated 2025-06-25 10:31:05,https://www.nbastuffer.com/2024-2025-nba-referee-stats/
2024-25,regular_season,Marc Davis,CHIEF,MALE,27,56,0.482,-1.9,228.4,36.2,0.482,0.518,-1.3,Stats last updated 2025-06-25 10:31:05,https://www.nbastuffer.com/2024-2025-nba-referee-stats/
2024-25,regular_season,Jacyn Goble,CREW,MALE,9,65,0.508,0.9,227.5,35.2,0.5,0.5,0,Stats last updated 2025-06-25 10:31:05,https://www.nbastuffer.com/2024-2025-nba-referee-stats/
2024-25,regular_season,Gediminas Petraitis,CREW,MALE,11,60,0.55,3,228.7,38.5,0.493,0.508,-0.6,Stats last updated 2025-06-25 10:31:05,https://www.nbastuffer.com/2024-2025-nba-referee-stats/
2024-25,regular_season,Andy Nagy,CREW,MALE,6,66,0.485,-0.5,228.1,39.9,0.488,0.513,-1,Stats last updated 2025-06-25 10:31:05,https://www.nbastuffer.com/2024-2025-nba-referee-stats/
2024-25,regular_season,Sean Corbin,CHIEF,MALE,32,58,0.603,3.5,226.3,37,0.507,0.494,0.5,Stats last updated 2025-06-25 10:31:05,https://www.nbastuffer.com/2024-2025-nba-referee-stats/
2024-25,regular_season,Jason Goldenberg,CREW,MALE,9,57,0.614,2.9,226.5,37.4,0.503,0.498,0.2,Stats last updated 2025-06-25 10:31:05,https://www.nbastuffer.com/2024-2025-nba-referee-stats/
2024-25,regular_season,John Butler,CREW,MALE,7,60,0.533,3,222.8,34.9,0.515,0.485,1.1,Stats last updated 2025-06-25 10:31:05,https://www.nbastuffer.com/2024-2025-nba-referee-stats/
2024-25,regular_season,Phenizee Ransom,CREW,MALE,9,65,0.462,-2.5,229.7,39.1,0.512,0.488,1,Stats last updated 2025-06-25 10:31:05,https://www.nbastuffer.com/2024-2025-nba-referee-stats/
2024-25,regular_season,CJ Washington,CREW,MALE,11,55,0.455,-0.4,231.3,38.9,0.509,0.491,0.7,Stats last updated 2025-06-25 10:31:05,https://www.nbastuffer.com/2024-2025-nba-referee-stats/
2024-25,regular_season,Jenna Schroeder,CREW,FEMALE,6,56,0.589,2.5,225.7,36.5,0.505,0.494,0.4,Stats last updated 2025-06-25 10:31:05,https://www.nbastuffer.com/2024-2025-nba-referee-stats/
2024-25,regular_season,Tony Brothers,CHIEF,MALE,31,54,0.574,2.1,228.5,39,0.495,0.505,-0.4,Stats last updated 2025-06-25 10:31:05,https://www.nbastuffer.com/2024-2025-nba-referee-stats/
2024-25,regular_season,Mitchell Ervin,CREW,MALE,11,54,0.63,6,231,36.7,0.502,0.499,0.1,Stats last updated 2025-06-25 10:31:05,https://www.nbastuffer.com/2024-2025-nba-referee-stats/
2024-25,regular_season,Mousa Dagher,CREW,MALE,7,57,0.491,-0.6,225.2,37.6,0.498,0.502,-0.2,Stats last updated 2025-06-25 10:31:05,https://www.nbastuffer.com/2024-2025-nba-referee-stats/
2024-25,regular_season,Scott Foster,CHIEF,MALE,31,45,0.489,-0.9,229.4,37.7,0.512,0.489,0.9,Stats last updated 2025-06-25 10:31:05,https://www.nbastuffer.com/2024-2025-nba-referee-stats/
2024-25,regular_season,Justin Van Duyne,CREW,MALE,12,61,0.59,3,226,35.8,0.498,0.503,-0.2,Stats last updated 2025-06-25 10:31:05,https://www.nbastuffer.com/2024-2025-nba-referee-stats/
2024-25,regular_season,Danielle Scott,CREW,FEMALE,0,48,0.542,-0.6,223.5,37.1,0.503,0.498,0.2,Stats last updated 2025-06-25 10:31:05,https://www.nbastuffer.com/2024-2025-nba-referee-stats/
2024-25,regular_season,Scott Twardoski,CREW,MALE,16,48,0.5,0.7,230,38.2,0.5,0.5,0,Stats last updated 2025-06-25 10:31:05,https://www.nbastuffer.com/2024-2025-nba-referee-stats/
2024-25,regular_season,Courtney Kirkland,CHIEF,MALE,26,46,0.543,-0.8,227.2,39.1,0.51,0.49,0.8,Stats last updated 2025-06-25 10:31:05,https://www.nbastuffer.com/2024-2025-nba-referee-stats/
2024-25,regular_season,Evan Scott,CREW,MALE,7,57,0.474,0.6,226.2,36.2,0.496,0.505,-0.3,Stats last updated 2025-06-25 10:31:05,https://www.nbastuffer.com/2024-2025-nba-referee-stats/
2024-25,regular_season,Simone Jelks,CREW,FEMALE,6,48,0.479,1.9,234.5,36.9,0.513,0.487,0.9,Stats last updated 2025-06-25 10:31:05,https://www.nbastuffer.com/2024-2025-nba-referee-stats/
2024-25,regular_season,Brent Barnaky,CREW,MALE,16,44,0.455,-1.9,226.5,35,0.494,0.506,-0.4,Stats last updated 2025-06-25 10:31:05,https://www.nbastuffer.com/2024-2025-nba-referee-stats/
2024-25,regular_season,Mark Lindsay,CHIEF,MALE,18,43,0.488,2.7,227.3,38.4,0.491,0.511,-0.8,Stats last updated 2025-06-25 10:31:05,https://www.nbastuffer.com/2024-2025-nba-referee-stats/
2024-25,regular_season,Zach Zarba,CHIEF,MALE,22,48,0.667,3.5,227.2,34.4,0.508,0.491,0.6,Stats last updated 2025-06-25 10:31:05,https://www.nbastuffer.com/2024-2025-nba-referee-stats/
2024-25,regular_season,Nick Buchert,CREW,MALE,16,44,0.591,3.7,223.4,38.7,0.496,0.505,-0.4,Stats last updated 2025-06-25 10:31:05,https://www.nbastuffer.com/2024-2025-nba-referee-stats/
2024-25,regular_season,Tyler Ford,CREW,MALE,11,46,0.478,-1,234,39.5,0.493,0.506,-0.5,Stats last updated 2025-06-25 10:31:05,https://www.nbastuffer.com/2024-2025-nba-referee-stats/
2024-25,regular_season,Brian Forte,CHIEF,MALE,19,40,0.65,6,225.3,34.1,0.491,0.508,-0.6,Stats last updated 2025-06-25 10:31:05,https://www.nbastuffer.com/2024-2025-nba-referee-stats/
2024-25,regular_season,Derrick Collins,CHIEF,MALE,26,36,0.583,0.4,226.6,37.2,0.508,0.491,0.6,Stats last updated 2025-06-25 10:31:05,https://www.nbastuffer.com/2024-2025-nba-referee-stats/
2024-25,regular_season,Tre Maddox,CREW,MALE,15,42,0.452,-0.6,228.1,39.4,0.494,0.506,-0.5,Stats last updated 2025-06-25 10:31:05,https://www.nbastuffer.com/2024-2025-nba-referee-stats/
2024-25,regular_season,Kevin Cutler,CREW,MALE,16,41,0.537,2.1,226.8,35.3,0.52,0.48,1.4,Stats last updated 2025-06-25 10:31:05,https://www.nbastuffer.com/2024-2025-nba-referee-stats/
2024-25,regular_season,Aaron Smith,CREW,MALE,10,21,0.524,1.2,230.4,38.2,0.494,0.506,-0.5,Stats last updated 2025-06-25 10:31:05,https://www.nbastuffer.com/2024-2025-nba-referee-stats/
2024-25,regular_season,Nate Green,CREW,MALE,7,54,0.704,4.8,230.5,37.3,0.501,0.499,0.1,Stats last updated 2025-06-25 10:31:05,https://www.nbastuffer.com/2024-2025-nba-referee-stats/
2024-25,regular_season,Brandon Schwab,CREW,MALE,5,47,0.574,-0.2,223.4,35.7,0.511,0.488,0.8,Stats last updated 2025-06-25 10:31:05,https://www.nbastuffer.com/2024-2025-nba-referee-stats/
2024-25,regular_season,Sha'Rae Mitchell,CREW,FEMALE,4,42,0.714,7.1,229,38.3,0.495,0.505,-0.4,Stats last updated 2025-06-25 10:31:05,https://www.nbastuffer.com/2024-2025-nba-referee-stats/
2024-25,regular_season,Matt Kallio,CREW,MALE,4,41,0.561,3.8,231.4,37.8,0.503,0.497,0.2,Stats last updated 2025-06-25 10:31:05,https://www.nbastuffer.com/2024-2025-nba-referee-stats/
2024-25,regular_season,Che Flores,CREW,FEMALE,4,30,0.5,0.3,227.4,36.5,0.507,0.494,0.5,Stats last updated 2025-06-25 10:31:05,https://www.nbastuffer.com/2024-2025-nba-referee-stats/
2024-25,regular_season,Ben Taylor,CREW,MALE,14,46,0.609,0.9,225.5,37.5,0.509,0.491,0.7,Stats last updated 2025-06-25 10:31:05,https://www.nbastuffer.com/2024-2025-nba-referee-stats/
2024-25,regular_season,John Goble,CHIEF,MALE,18,38,0.579,2.4,226.8,39.1,0.503,0.497,0.2,Stats last updated 2025-06-25 10:31:05,https://www.nbastuffer.com/2024-2025-nba-referee-stats/
2024-25,regular_season,Brandon Adair,CREW,MALE,8,42,0.429,-3.6,219.3,35.3,0.495,0.505,-0.3,Stats last updated 2025-06-25 10:31:05,https://www.nbastuffer.com/2024-2025-nba-referee-stats/
2024-25,regular_season,Jonathan Sterling,CREW,MALE,8,48,0.563,0.1,225.1,38.1,0.51,0.491,0.7,Stats last updated 2025-06-25 10:31:05,https://www.nbastuffer.com/2024-2025-nba-referee-stats/
2024-25,regular_season,JD Ralls,CREW,MALE,2,37,0.432,-3.973,229.7,38.297,0.488,0.512,-0.9,Stats last updated 2025-06-25 10:31:05,https://www.nbastuffer.com/2024-2025-nba-referee-stats/
2024-25,regular_season,James Williams,CREW,MALE,16,44,0.568,4.6,225.5,35,0.502,0.497,0.2,Stats last updated 2025-06-25 10:31:05,https://www.nbastuffer.com/2024-2025-nba-referee-stats/
2024-25,regular_season,J.T. Orr,CREW,MALE,16,42,0.643,2.5,228.4,36,0.49,0.511,-0.8,Stats last updated 2025-06-25 10:31:05,https://www.nbastuffer.com/2024-2025-nba-referee-stats/
2024-25,regular_season,Robert Hussey,CREW,MALE,5,47,0.532,2.1,231.7,39.3,0.502,0.497,0.2,Stats last updated 2025-06-25 10:31:05,https://www.nbastuffer.com/2024-2025-nba-referee-stats/
2024-25,regular_season,Suyash Mehta,CREW,MALE,6,45,0.622,7.9,231,37.1,0.497,0.503,-0.2,Stats last updated 2025-06-25 10:31:05,https://www.nbastuffer.com/2024-2025-nba-referee-stats/
2024-25,regular_season,John Conley,CREW,MALE,6,41,0.439,2.6,227.7,38.7,0.508,0.492,0.6,Stats last updated 2025-06-25 10:31:05,https://www.nbastuffer.com/2024-2025-nba-referee-stats/
2024-25,regular_season,James Capers,CHIEF,MALE,30,30,0.633,4.4,226.7,39.6,0.491,0.51,-0.8,Stats last updated 2025-06-25 10:31:05,https://www.nbastuffer.com/2024-2025-nba-referee-stats/
2024-25,regular_season,Marat Kogut,CREW,MALE,16,32,0.594,-0.2,227,38.8,0.496,0.503,-0.3,Stats last updated 2025-06-25 10:31:05,https://www.nbastuffer.com/2024-2025-nba-referee-stats/
2024-25,regular_season,Sean Wright,CHIEF,MALE,20,35,0.6,5.2,230.4,36.9,0.496,0.505,-0.3,Stats last updated 2025-06-25 10:31:05,https://www.nbastuffer.com/2024-2025-nba-referee-stats/
2024-25,regular_season,Matt Myers,CREW,MALE,14,45,0.667,3.3,234.2,37.6,0.5,0.501,0,Stats last updated 2025-06-25 10:31:05,https://www.nbastuffer.com/2024-2025-nba-referee-stats/
2024-25,regular_season,Curtis Blair,CHIEF,MALE,17,43,0.535,-0.6,227.9,37,0.514,0.487,1,Stats last updated 2025-06-25 10:31:05,https://www.nbastuffer.com/2024-2025-nba-referee-stats/
2024-25,regular_season,Ed Malloy,CHIEF,MALE,23,38,0.658,4.7,223.5,37.4,0.523,0.478,1.7,Stats last updated 2025-06-25 10:31:05,https://www.nbastuffer.com/2024-2025-nba-referee-stats/
2024-25,regular_season,Karl Lane,CREW,MALE,15,34,0.618,4.7,227.8,36.4,0.497,0.504,-0.3,Stats last updated 2025-06-25 10:31:05,https://www.nbastuffer.com/2024-2025-nba-referee-stats/
2024-25,regular_season,Tom Washington,CHIEF,MALE,34,29,0.621,5,221.2,35.2,0.504,0.497,0.2,Stats last updated 2025-06-25 10:31:05,https://www.nbastuffer.com/2024-2025-nba-referee-stats/
2024-25,regular_season,Brett Nansel,CREW,MALE,11,45,0.622,4.8,228.9,35.7,0.494,0.505,-0.4,Stats last updated 2025-06-25 10:31:05,https://www.nbastuffer.com/2024-2025-nba-referee-stats/
2024-25,regular_season,Eric Dalen,CREW,MALE,17,31,0.581,3.7,221.7,35.9,0.516,0.483,1.2,Stats last updated 2025-06-25 10:31:05,https://www.nbastuffer.com/2024-2025-nba-referee-stats/
2024-25,regular_season,Intae Hwang,CREW,MALE,3,43,0.512,0.7,228.2,37.5,0.491,0.509,-0.7,Stats last updated 2025-06-25 10:31:05,https://www.nbastuffer.com/2024-2025-nba-referee-stats/
2024-25,regular_season,Rodney Mott,CHIEF,MALE,30,45,0.444,-1.9,228,36.6,0.494,0.506,-0.4,Stats last updated 2025-06-25 10:31:05,https://www.nbastuffer.com/2024-2025-nba-referee-stats/
2024-25,regular_season,Bill Kennedy,CHIEF,MALE,30,29,0.517,-0.2,227.8,38.6,0.485,0.515,-1.1,Stats last updated 2025-06-25 10:31:05,https://www.nbastuffer.com/2024-2025-nba-referee-stats/
2024-25,regular_season,Kevin Scott,CREW,MALE,15,38,0.447,0.6,227.7,34.9,0.494,0.507,-0.5,Stats last updated 2025-06-25 10:31:05,https://www.nbastuffer.com/2024-2025-nba-referee-stats/
2024-25,regular_season,Josh Tiven,CHIEF,MALE,16,34,0.588,3.1,230.2,35.9,0.514,0.487,1,Stats last updated 2025-06-25 10:31:05,https://www.nbastuffer.com/2024-2025-nba-referee-stats/
2024-25,regular_season,Derek Richardson,CHIEF,MALE,30,32,0.531,0.9,228,37.3,0.493,0.506,-0.5,Stats last updated 2025-06-25 10:31:05,https://www.nbastuffer.com/2024-2025-nba-referee-stats/
2024-25,regular_season,JB DeRosa,CHIEF,MALE,8,33,0.667,8,234.5,38.4,0.496,0.504,-0.3,Stats last updated 2025-06-25 10:31:05,https://www.nbastuffer.com/2024-2025-nba-referee-stats/
2024-25,regular_season,Tyler Ricks,CREW,MALE,4,27,0.333,-1.3,225.9,36.5,0.496,0.503,-0.3,Stats last updated 2025-06-25 10:31:05,https://www.nbastuffer.com/2024-2025-nba-referee-stats/
2024-25,regular_season,Pat Fraher,CHIEF,MALE,30,43,0.419,-0.2,227.8,38.7,0.501,0.5,0,Stats last updated 2025-06-25 10:31:05,https://www.nbastuffer.com/2024-2025-nba-referee-stats/
2024-25,regular_season,Dedric Taylor,CREW,MALE,12,17,0.706,6.2,219,39.5,0.497,0.502,-0.2,Stats last updated 2025-06-25 10:31:05,https://www.nbastuffer.com/2024-2025-nba-referee-stats/
2024-25,regular_season,Michael Smith,CHIEF,MALE,32,32,0.656,6.8,226.3,38.4,0.507,0.492,0.6,Stats last updated 2025-06-25 10:31:05,https://www.nbastuffer.com/2024-2025-nba-referee-stats/
2024-25,regular_season,Pat Fraher,CREW,MALE,30,22,0.5,-1.9,224.8,38.4,0.483,0.516,-1.3,Stats last updated 2025-06-25 10:31:05,https://www.nbastuffer.com/2024-2025-nba-referee-stats/
2024-25,regular_season,Kevin Scott,CHIEF,MALE,15,21,0.286,-2.3,231.9,36,0.503,0.497,0.2,Stats last updated 2025-06-25 10:31:05,https://www.nbastuffer.com/2024-2025-nba-referee-stats/
2024-25,regular_season,Ed Malloy,CREW,MALE,23,23,0.609,2.7,227.2,36.3,0.508,0.492,0.6,Stats last updated 2025-06-25 10:31:05,https://www.nbastuffer.com/2024-2025-nba-referee-stats/
2024-25,regular_season,Josh Tiven,CREW,MALE,16,31,0.548,3,228.7,35.1,0.496,0.503,-0.2,Stats last updated 2025-06-25 10:31:05,https://www.nbastuffer.com/2024-2025-nba-referee-stats/
2024-25,regular_season,James Williams,CHIEF,MALE,16,19,0.474,1.1,223.2,37.7,0.493,0.508,-0.6,Stats last updated 2025-06-25 10:31:05,https://www.nbastuffer.com/2024-2025-nba-referee-stats/
2024-25,regular_season,Ben Taylor,CHIEF,MALE,14,17,0.706,3.4,226.5,37.5,0.524,0.477,1.8,Stats last updated 2025-06-25 10:31:05,https://www.nbastuffer.com/2024-2025-nba-referee-stats/
2024-25,regular_season,Marat Kogut,CHIEF,MALE,16,31,0.581,4.7,226,35.3,0.5,0.499,0,Stats last updated 2025-06-25 10:31:05,https://www.nbastuffer.com/2024-2025-nba-referee-stats/
2024-25,regular_season,Karl Lane,CHIEF,MALE,15,25,0.4,-2.7,225.5,37.7,0.475,0.524,-1.8,Stats last updated 2025-06-25 10:31:05,https://www.nbastuffer.com/2024-2025-nba-referee-stats/
2024-25,regular_season,Nick Buchert,CHIEF,MALE,16,22,0.682,4.2,230.2,39.4,0.482,0.518,-1.4,Stats last updated 2025-06-25 10:31:05,https://www.nbastuffer.com/2024-2025-nba-referee-stats/
2024-25,regular_season,Matt Boland,CHIEF,MALE,26,21,0.476,-0.1,230.6,35.7,0.508,0.491,0.6,Stats last updated 2025-06-25 10:31:05,https://www.nbastuffer.com/2024-2025-nba-referee-stats/
2024-25,regular_season,Ashley Moyer-Gleich,CREW,FEMALE,7,9,0.556,-3.2,223.4,37.2,0.502,0.499,0.1,Stats last updated 2025-06-25 10:31:05,https://www.nbastuffer.com/2024-2025-nba-referee-stats/
2024-25,regular_season,Curtis Blair,CREW,MALE,17,18,0.611,2.1,229.9,37.1,0.476,0.524,-1.8,Stats last updated 2025-06-25 10:31:05,https://www.nbastuffer.com/2024-2025-nba-referee-stats/
2024-25,regular_season,Brian Forte,CREW,MALE,19,25,0.68,3.8,231.9,39.3,0.513,0.488,1,Stats last updated 2025-06-25 10:31:05,https://www.nbastuffer.com/2024-2025-nba-referee-stats/
2024-25,regular_season,Kevin Cutler,CHIEF,MALE,16,21,0.429,0.1,236.5,37.5,0.504,0.497,0.3,Stats last updated 2025-06-25 10:31:05,https://www.nbastuffer.com/2024-2025-nba-referee-stats/
2024-25,regular_season,Tyler Ford,CHIEF,MALE,11,20,0.5,-2.4,227.4,37.7,0.484,0.515,-1.2,Stats last updated 2025-06-25 10:31:05,https://www.nbastuffer.com/2024-2025-nba-referee-stats/
2024-25,regular_season,Eric Dalen,CHIEF,MALE,17,15,0.667,2.6,226.2,35.4,0.501,0.499,0.1,Stats last updated 2025-06-25 10:31:05,https://www.nbastuffer.com/2024-2025-nba-referee-stats/
2024-25,regular_season,J.T. Orr,CHIEF,MALE,16,16,0.625,0.8,231.4,39.1,0.513,0.488,1,Stats last updated 2025-06-25 10:31:05,https://www.nbastuffer.com/2024-2025-nba-referee-stats/
2024-25,regular_season,Matt Boland,CREW,MALE,26,16,0.438,-3.5,225.6,37.3,0.513,0.486,1,Stats last updated 2025-06-25 10:31:05,https://www.nbastuffer.com/2024-2025-nba-referee-stats/
2024-25,regular_season,Courtney Kirkland,CREW,MALE,26,16,0.25,-7.8,227.4,36.9,0.522,0.478,1.6,Stats last updated 2025-06-25 10:31:05,https://www.nbastuffer.com/2024-2025-nba-referee-stats/
2024-25,regular_season,Sean Wright,CREW,MALE,20,13,0.538,3.2,229.5,37.2,0.505,0.496,0.3,Stats last updated 2025-06-25 10:31:05,https://www.nbastuffer.com/2024-2025-nba-referee-stats/
2024-25,regular_season,John Goble,CREW,MALE,18,19,0.421,-3.1,232.7,37.6,0.525,0.475,1.9,Stats last updated 2025-06-25 10:31:05,https://www.nbastuffer.com/2024-2025-nba-referee-stats/
2024-25,regular_season,Mark Lindsay,CREW,MALE,18,20,0.45,-1.4,236,38.9,0.495,0.504,-0.4,Stats last updated 2025-06-25 10:31:05,https://www.nbastuffer.com/2024-2025-nba-referee-stats/
2024-25,regular_season,Jenna Reneau,CREW,MALE,4,6,0.5,-5.8,225.8,36.7,0.49,0.509,-0.7,Stats last updated 2025-06-25 10:31:05,https://www.nbastuffer.com/2024-2025-nba-referee-stats/
2024-25,regular_season,Pat O'Connell,CREW,MALE,4,6,0.667,7.7,218.3,39.7,0.521,0.479,1.7,Stats last updated 2025-06-25 10:31:05,https://www.nbastuffer.com/2024-2025-nba-referee-stats/
2024-25,regular_season,Zach Zarba,CREW,MALE,22,12,0.417,-2.4,226.3,35.7,0.5,0.5,0,Stats last updated 2025-06-25 10:31:05,https://www.nbastuffer.com/2024-2025-nba-referee-stats/
2024-25,regular_season,Mitchell Ervin,CHIEF,MALE,11,9,0.333,-3.7,227.2,37.4,0.523,0.478,1.7,Stats last updated 2025-06-25 10:31:05,https://www.nbastuffer.com/2024-2025-nba-referee-stats/
2024-25,regular_season,Brent Barnaky,CHIEF,MALE,16,19,0.474,0.3,222.3,36.2,0.494,0.506,-0.4,Stats last updated 2025-06-25 10:31:05,https://www.nbastuffer.com/2024-2025-nba-referee-stats/
2024-25,regular_season,Bill Kennedy,CREW,MALE,30,13,0.769,12.1,227.9,35.7,0.504,0.496,0.3,Stats last updated 2025-06-25 10:31:05,https://www.nbastuffer.com/2024-2025-nba-referee-stats/
2024-25,regular_season,Brent Haskill,CREW,MALE,4,5,0.6,2,228.8,39,0.492,0.508,-0.6,Stats last updated 2025-06-25 10:31:05,https://www.nbastuffer.com/2024-2025-nba-referee-stats/
2024-25,regular_season,Matt Myers,CHIEF,MALE,14,8,0.75,8.5,225.3,42.3,0.491,0.508,-0.8,Stats last updated 2025-06-25 10:31:05,https://www.nbastuffer.com/2024-2025-nba-referee-stats/
2024-25,regular_season,David Guthrie,CHIEF,MALE,20,29,0.483,-2.3,223.7,34.7,0.532,0.467,2.2,Stats last updated 2025-06-25 10:31:05,https://www.nbastuffer.com/2024-2025-nba-referee-stats/
2024-25,regular_season,Tom Washington,CREW,MALE,34,12,0.667,7.7,224.3,33.2,0.515,0.484,1,Stats last updated 2025-06-25 10:31:05,https://www.nbastuffer.com/2024-2025-nba-referee-stats/
2024-25,regular_season,Michael Smith,CREW,MALE,32,6,0.333,-8.5,233.2,38,0.478,0.522,-1.7,Stats last updated 2025-06-25 10:31:05,https://www.nbastuffer.com/2024-2025-nba-referee-stats/
2024-25,regular_season,Tyler Mirkovich,CREW,MALE,4,4,0.5,9.8,213.8,43.5,0.511,0.489,1,Stats last updated 2025-06-25 10:31:05,https://www.nbastuffer.com/2024-2025-nba-referee-stats/
2024-25,regular_season,Tre Maddox,CHIEF,MALE,15,14,0.429,3.7,230,35.4,0.51,0.488,0.8,Stats last updated 2025-06-25 10:31:05,https://www.nbastuffer.com/2024-2025-nba-referee-stats/
2024-25,regular_season,Justin Van Duyne,CHIEF,MALE,12,4,0.5,3,227,40.8,0.521,0.478,1.8,Stats last updated 2025-06-25 10:31:05,https://www.nbastuffer.com/2024-2025-nba-referee-stats/
2024-25,regular_season,Brett Nansel,CHIEF,MALE,11,7,0.286,-5.1,231.1,33.3,0.48,0.519,-1.3,Stats last updated 2025-06-25 10:31:05,https://www.nbastuffer.com/2024-2025-nba-referee-stats/
2024-25,regular_season,Derrick Collins,CREW,MALE,26,6,0.667,9.7,229.7,35.5,0.451,0.549,-3.5,Stats last updated 2025-06-25 10:31:05,https://www.nbastuffer.com/2024-2025-nba-referee-stats/
2024-25,regular_season,JB DeRosa,CREW,MALE,8,3,0.667,-0.3,230.3,46.3,0.518,0.482,1.7,Stats last updated 2025-06-25 10:31:05,https://www.nbastuffer.com/2024-2025-nba-referee-stats/
2024-25,regular_season,David Guthrie,CREW,MALE,20,7,1,11,226.4,40,0.511,0.489,0.9,Stats last updated 2025-06-25 10:31:05,https://www.nbastuffer.com/2024-2025-nba-referee-stats/
2024-25,regular_season,Scott Twardoski,CHIEF,MALE,16,4,0.25,-2.3,223.8,39.5,0.494,0.506,-0.5,Stats last updated 2025-06-25 10:31:05,https://www.nbastuffer.com/2024-2025-nba-referee-stats/
2024-25,regular_season,Derek Richardson,CREW,MALE,30,8,0.75,9.1,221.9,37.1,0.505,0.495,0.4,Stats last updated 2025-06-25 10:31:05,https://www.nbastuffer.com/2024-2025-nba-referee-stats/
2024-25,regular_season,CJ Washington,CHIEF,MALE,11,7,0.143,-6.1,230.1,35,0.473,0.527,-1.9,Stats last updated 2025-06-25 10:31:05,https://www.nbastuffer.com/2024-2025-nba-referee-stats/
2024-25,regular_season,Rodney Mott,CREW,MALE,30,5,0.6,7.6,216,40,0.505,0.495,0.4,Stats last updated 2025-06-25 10:31:05,https://www.nbastuffer.com/2024-2025-nba-referee-stats/
2024-25,regular_season,Gediminas Petraitis,CHIEF,MALE,11,5,0.4,1.8,229.8,35,0.514,0.486,1,Stats last updated 2025-06-25 10:31:05,https://www.nbastuffer.com/2024-2025-nba-referee-stats/
2024-25,regular_season,Biniam Maru,CREW,MALE,2,2,0.5,3.5,246.5,31.5,0.492,0.508,-0.5,Stats last updated 2025-06-25 10:31:05,https://www.nbastuffer.com/2024-2025-nba-referee-stats/
2024-25,regular_season,Scott Foster,CREW,MALE,31,2,0.5,-1.5,230.5,40.5,0.519,0.481,1.5,Stats last updated 2025-06-25 10:31:05,https://www.nbastuffer.com/2024-2025-nba-referee-stats/
2024-25,regular_season,Sean Corbin,CREW,MALE,32,3,0.333,-8,231.3,34.7,0.461,0.538,-2.7,Stats last updated 2025-06-25 10:31:05,https://www.nbastuffer.com/2024-2025-nba-referee-stats/
2024-25,regular_season,Dedric Taylor,CHIEF,MALE,12,2,0,-25.5,256.5,41,0.537,0.463,3,Stats last updated 2025-06-25 10:31:05,https://www.nbastuffer.com/2024-2025-nba-referee-stats/
2024-25,regular_season,Agon Abazi,CREW,FEMALE,1,2,0,-9,205,42.5,0.541,0.459,3.5,Stats last updated 2025-06-25 10:31:05,https://www.nbastuffer.com/2024-2025-nba-referee-stats/
2024-25,regular_season,Marc Davis,CREW,MALE,27,6,1,16.7,227.3,29.7,0.483,0.516,-1,Stats last updated 2025-06-25 10:31:05,https://www.nbastuffer.com/2024-2025-nba-referee-stats/
2024-25,regular_season,Leon Wood,CHIEF,MALE,30,1,0,-6,232,32,0.406,0.594,-6,Stats last updated 2025-06-25 10:31:05,https://www.nbastuffer.com/2024-2025-nba-referee-stats/
2024-25,regular_season,Che Flores,CHIEF,FEMALE,4,1,1,2,240,42,0.5,0.5,0,Stats last updated 2025-06-25 10:31:05,https://www.nbastuffer.com/2024-2025-nba-referee-stats/
2023-24,playoffs,Jacyn Goble,CREW,MALE,8,1,0,-20,188,30,0.533,0.467,2,Stats last updated,https://www.nbastuffer.com/2023-2024-nba-referee-stats/
2023-24,playoffs,Ray Acosta,CREW,MALE,7,2,0.5,-3.5,207.5,34,0.559,0.441,4,Stats last updated,https://www.nbastuffer.com/2023-2024-nba-referee-stats/
2023-24,playoffs,Aaron Smith,CREW,MALE,9,1,1,25,215,43,0.442,0.558,-5,Stats last updated,https://www.nbastuffer.com/2023-2024-nba-referee-stats/
2023-24,playoffs,Justin Van Duyne,CREW,MALE,11,3,0.667,9.3,199.3,42.3,0.481,0.52,-1.7,Stats last updated,https://www.nbastuffer.com/2023-2024-nba-referee-stats/
2023-24,playoffs,Gediminas Petraitis,CREW,MALE,10,4,0.75,-2.3,202.3,33.3,0.526,0.473,1.8,Stats last updated,https://www.nbastuffer.com/2023-2024-nba-referee-stats/
2023-24,playoffs,Dedric Taylor,CREW,MALE,11,2,0.5,-3,206,40,0.463,0.538,-3,Stats last updated,https://www.nbastuffer.com/2023-2024-nba-referee-stats/
2023-24,playoffs,Scott Foster,CHIEF,MALE,30,12,0.5,9.2,215.7,40.2,0.506,0.493,0.5,Stats last updated,https://www.nbastuffer.com/2023-2024-nba-referee-stats/
2023-24,playoffs,Tony Brothers,CHIEF,MALE,30,14,0.714,3.6,219,39.5,0.505,0.495,0.4,Stats last updated,https://www.nbastuffer.com/2023-2024-nba-referee-stats/
2023-24,playoffs,JB DeRosa,CHIEF,MALE,7,3,0.667,4.7,224,35.7,0.551,0.448,3.7,Stats last updated,https://www.nbastuffer.com/2023-2024-nba-referee-stats/
2023-24,playoffs,Sean Corbin,CHIEF,MALE,31,5,0.8,8.2,210.2,36.6,0.525,0.475,1.8,Stats last updated,https://www.nbastuffer.com/2023-2024-nba-referee-stats/
2023-24,playoffs,Tyler Ford,CREW,MALE,10,5,1,13.4,229,39,0.513,0.487,1,Stats last updated,https://www.nbastuffer.com/2023-2024-nba-referee-stats/
2023-24,playoffs,Mitchell Ervin,CREW,MALE,10,5,0.2,-8.2,205.8,35,0.52,0.48,1.4,Stats last updated,https://www.nbastuffer.com/2023-2024-nba-referee-stats/
2023-24,playoffs,Bill Kennedy,CHIEF,MALE,29,5,0.6,3.6,200,38.2,0.539,0.461,3,Stats last updated,https://www.nbastuffer.com/2023-2024-nba-referee-stats/
2023-24,playoffs,Brent Barnaky,CREW,MALE,15,6,1,14.3,209.3,41.5,0.51,0.49,0.8,Stats last updated,https://www.nbastuffer.com/2023-2024-nba-referee-stats/
2023-24,playoffs,Karl Lane,CREW,MALE,14,5,0.8,7.6,217.2,41.4,0.469,0.531,-2.6,Stats last updated,https://www.nbastuffer.com/2023-2024-nba-referee-stats/
2023-24,playoffs,J.T. Orr,CREW,MALE,15,2,1,7.5,200.5,39.5,0.532,0.468,2.5,Stats last updated,https://www.nbastuffer.com/2023-2024-nba-referee-stats/
2023-24,playoffs,Zach Zarba,CHIEF,MALE,21,8,0.625,1.4,216.1,38.3,0.499,0.499,0,Stats last updated,https://www.nbastuffer.com/2023-2024-nba-referee-stats/
2023-24,playoffs,Marc Davis,CHIEF,MALE,26,12,0.333,1.7,205,34.7,0.509,0.49,0.7,Stats last updated,https://www.nbastuffer.com/2023-2024-nba-referee-stats/
2023-24,playoffs,James Williams,CREW,MALE,15,9,0.667,5.7,211.4,36.7,0.536,0.463,2.7,Stats last updated,https://www.nbastuffer.com/2023-2024-nba-referee-stats/
2023-24,playoffs,James Capers,CHIEF,MALE,29,11,0.455,1.4,210.5,38.8,0.527,0.473,2.1,Stats last updated,https://www.nbastuffer.com/2023-2024-nba-referee-stats/
2023-24,playoffs,Kevin Scott,CREW,MALE,14,8,0.25,-5.4,207.9,37.6,0.509,0.492,0.6,Stats last updated,https://www.nbastuffer.com/2023-2024-nba-referee-stats/
2023-24,playoffs,Marat Kogut,CREW,MALE,15,3,0.667,6.3,195.7,41.3,0.452,0.549,-4,Stats last updated,https://www.nbastuffer.com/2023-2024-nba-referee-stats/
2023-24,playoffs,Mark Lindsay,CHIEF,MALE,17,1,0,-20,188,30,0.533,0.467,2,Stats last updated,https://www.nbastuffer.com/2023-2024-nba-referee-stats/
2023-24,playoffs,Sean Wright,CHIEF,MALE,19,1,1,13,215,50,0.52,0.48,2,Stats last updated,https://www.nbastuffer.com/2023-2024-nba-referee-stats/
2023-24,playoffs,Nick Buchert,CREW,MALE,15,5,0.4,-3,219.4,40.6,0.537,0.463,3,Stats last updated,https://www.nbastuffer.com/2023-2024-nba-referee-stats/
2023-24,playoffs,Pat Fraher,CHIEF,MALE,29,1,1,14,180,46,0.543,0.457,4,Stats last updated,https://www.nbastuffer.com/2023-2024-nba-referee-stats/
2023-24,playoffs,David Guthrie,CHIEF,MALE,19,1,0,-5,189,43,0.442,0.558,-5,Stats last updated,https://www.nbastuffer.com/2023-2024-nba-referee-stats/
2023-24,playoffs,Courtney Kirkland,CHIEF,MALE,25,4,0.75,7.5,198,36.8,0.523,0.476,1.8,Stats last updated,https://www.nbastuffer.com/2023-2024-nba-referee-stats/
2023-24,playoffs,Eric Dalen,CREW,MALE,16,3,1,24,207.3,37,0.459,0.541,-3,Stats last updated,https://www.nbastuffer.com/2023-2024-nba-referee-stats/
2023-24,playoffs,Ed Malloy,CHIEF,MALE,22,2,1,7.5,222.5,41.5,0.494,0.506,-0.5,Stats last updated,https://www.nbastuffer.com/2023-2024-nba-referee-stats/
2023-24,playoffs,Kevin Cutler,CREW,MALE,15,5,0.4,0.8,218,35.6,0.522,0.478,1.6,Stats last updated,https://www.nbastuffer.com/2023-2024-nba-referee-stats/
2023-24,playoffs,Brian Forte,CREW,MALE,19,5,0.8,14.6,211.4,37.6,0.532,0.468,2.4,Stats last updated,https://www.nbastuffer.com/2023-2024-nba-referee-stats/
2023-24,playoffs,Josh Tiven,CREW,MALE,15,9,0.667,3.6,214,35.7,0.52,0.479,1.4,Stats last updated,https://www.nbastuffer.com/2023-2024-nba-referee-stats/
2023-24,playoffs,Curtis Blair,CREW,MALE,16,7,0.571,7.7,212.3,41,0.519,0.481,1.6,Stats last updated,https://www.nbastuffer.com/2023-2024-nba-referee-stats/
2023-24,playoffs,Ben Taylor,CREW,MALE,13,7,0.857,21.3,207.6,39,0.484,0.516,-1.3,Stats last updated,https://www.nbastuffer.com/2023-2024-nba-referee-stats/
2023-24,playoffs,Pat Fraher,CREW,MALE,29,5,0.2,-4.8,214.8,40.8,0.534,0.466,2.8,Stats last updated,https://www.nbastuffer.com/2023-2024-nba-referee-stats/
2023-24,playoffs,Sean Wright,CREW,MALE,19,6,0.667,5,213.7,38.7,0.534,0.465,2.7,Stats last updated,https://www.nbastuffer.com/2023-2024-nba-referee-stats/
2023-24,playoffs,Ed Malloy,CREW,MALE,22,5,0.4,5,207.8,40.2,0.468,0.532,-2.6,Stats last updated,https://www.nbastuffer.com/2023-2024-nba-referee-stats/
2023-24,playoffs,Mark Lindsay,CREW,MALE,17,5,0.2,-2.4,208.4,35,0.486,0.514,-1,Stats last updated,https://www.nbastuffer.com/2023-2024-nba-referee-stats/
2023-24,playoffs,Zach Zarba,CREW,MALE,21,5,0.6,8,204,35.4,0.503,0.497,0.2,Stats last updated,https://www.nbastuffer.com/2023-2024-nba-referee-stats/
2023-24,playoffs,Kevin Scott,CHIEF,MALE,14,1,1,2,214,28,0.429,0.571,-4,Stats last updated,https://www.nbastuffer.com/2023-2024-nba-referee-stats/
2023-24,playoffs,Courtney Kirkland,CREW,MALE,25,5,0.2,-1.4,211,36.4,0.467,0.533,-2.4,Stats last updated,https://www.nbastuffer.com/2023-2024-nba-referee-stats/
2023-24,playoffs,David Guthrie,CREW,MALE,19,10,0.6,3.8,212.4,37.9,0.52,0.48,1.5,Stats last updated,https://www.nbastuffer.com/2023-2024-nba-referee-stats/
2023-24,playoffs,Derrick Collins,CREW,MALE,25,1,0,-17,233,31,0.581,0.419,5,Stats last updated,https://www.nbastuffer.com/2023-2024-nba-referee-stats/
2023-24,playoffs,Marc Davis,CREW,MALE,26,3,0.333,-6.3,231.7,35.3,0.548,0.453,3.3,Stats last updated,https://www.nbastuffer.com/2023-2024-nba-referee-stats/
2023-24,playoffs,Bill Kennedy,CREW,MALE,29,7,0.571,1.1,212.3,38.6,0.537,0.463,2.9,Stats last updated,https://www.nbastuffer.com/2023-2024-nba-referee-stats/
2023-24,playoffs,John Goble,CHIEF,MALE,17,1,1,11,217,35,0.429,0.571,-5,Stats last updated,https://www.nbastuffer.com/2023-2024-nba-referee-stats/
2023-24,playoffs,John Goble,CREW,MALE,17,12,0.667,2.6,208.1,39.3,0.532,0.469,2.5,Stats last updated,https://www.nbastuffer.com/2023-2024-nba-referee-stats/
2023-24,playoffs,JB DeRosa,CREW,MALE,7,1,0,-17,235,51,0.49,0.51,-1,Stats last updated,https://www.nbastuffer.com/2023-2024-nba-referee-stats/
2023-24,playoffs,Scott Foster,CREW,MALE,30,2,1,15,211,36,0.542,0.458,3,Stats last updated,https://www.nbastuffer.com/2023-2024-nba-referee-stats/
2023-24,regular_season,Jacyn Goble,CREW,MALE,8,63,0.571,3.4,230,37.8,0.499,0.5,0,Stats last updated,https://www.nbastuffer.com/2023-2024-nba-referee-stats/
2023-24,regular_season,Ray Acosta,CREW,MALE,7,65,0.508,2.2,226.3,36.5,0.495,0.505,-0.4,Stats last updated,https://www.nbastuffer.com/2023-2024-nba-referee-stats/
2023-24,regular_season,Natalie Sago,CREW,FEMALE,6,64,0.547,2.5,224.9,36.4,0.506,0.495,0.4,Stats last updated,https://www.nbastuffer.com/2023-2024-nba-referee-stats/
2023-24,regular_season,Aaron Smith,CREW,MALE,9,63,0.667,4,225.2,37,0.498,0.502,-0.1,Stats last updated,https://www.nbastuffer.com/2023-2024-nba-referee-stats/
2023-24,regular_season,Justin Van Duyne,CREW,MALE,11,62,0.468,-0.2,226,37.3,0.509,0.489,0.7,Stats last updated,https://www.nbastuffer.com/2023-2024-nba-referee-stats/
2023-24,regular_season,Gediminas Petraitis,CREW,MALE,10,60,0.45,-0.4,227.4,37,0.509,0.49,0.7,Stats last updated,https://www.nbastuffer.com/2023-2024-nba-referee-stats/
2023-24,regular_season,Dedric Taylor,CREW,MALE,11,60,0.483,1.7,227.8,37.5,0.501,0.498,0.1,Stats last updated,https://www.nbastuffer.com/2023-2024-nba-referee-stats/
2023-24,regular_season,Scott Foster,CHIEF,MALE,30,60,0.683,7.7,229.8,39.3,0.506,0.494,0.5,Stats last updated,https://www.nbastuffer.com/2023-2024-nba-referee-stats/
2023-24,regular_season,Tony Brothers,CHIEF,MALE,30,60,0.55,1.8,227.2,37.2,0.496,0.505,-0.4,Stats last updated,https://www.nbastuffer.com/2023-2024-nba-referee-stats/
2023-24,regular_season,Scott Twardoski,CREW,MALE,15,57,0.667,4.1,233.2,37.9,0.51,0.49,0.8,Stats last updated,https://www.nbastuffer.com/2023-2024-nba-referee-stats/
2023-24,regular_season,Ashley Moyer-Gleich,CREW,FEMALE,6,57,0.456,-1.3,227.6,37.4,0.506,0.493,0.5,Stats last updated,https://www.nbastuffer.com/2023-2024-nba-referee-stats/
2023-24,regular_season,JB DeRosa,CHIEF,MALE,7,58,0.569,3.6,224.9,37.6,0.505,0.494,0.4,Stats last updated,https://www.nbastuffer.com/2023-2024-nba-referee-stats/
2023-24,regular_season,John Butler,CREW,MALE,6,55,0.564,3.1,230.4,36.9,0.495,0.507,-0.4,Stats last updated,https://www.nbastuffer.com/2023-2024-nba-referee-stats/
2023-24,regular_season,Phenizee Ransom,CREW,MALE,8,55,0.4,1.1,231.2,38.5,0.499,0.5,-0.1,Stats last updated,https://www.nbastuffer.com/2023-2024-nba-referee-stats/
2023-24,regular_season,Sean Corbin,CHIEF,MALE,31,55,0.455,0,230.6,36.4,0.511,0.489,0.8,Stats last updated,https://www.nbastuffer.com/2023-2024-nba-referee-stats/
2023-24,regular_season,Tyler Ford,CREW,MALE,10,52,0.558,3.3,225.7,37.6,0.507,0.494,0.5,Stats last updated,https://www.nbastuffer.com/2023-2024-nba-referee-stats/
2023-24,regular_season,Mitchell Ervin,CREW,MALE,10,50,0.48,0.5,231.2,39.6,0.505,0.495,0.4,Stats last updated,https://www.nbastuffer.com/2023-2024-nba-referee-stats/
2023-24,regular_season,Andy Nagy,CREW,MALE,5,52,0.615,5.2,226.8,36.7,0.509,0.49,0.7,Stats last updated,https://www.nbastuffer.com/2023-2024-nba-referee-stats/
2023-24,regular_season,CJ Washington,CREW,MALE,10,51,0.569,3,232.2,38.8,0.508,0.491,0.7,Stats last updated,https://www.nbastuffer.com/2023-2024-nba-referee-stats/
2023-24,regular_season,Bill Kennedy,CHIEF,MALE,29,50,0.48,-0.2,228.1,37.7,0.48,0.519,-1.5,Stats last updated,https://www.nbastuffer.com/2023-2024-nba-referee-stats/
2023-24,regular_season,Brent Barnaky,CREW,MALE,15,48,0.563,2.3,227.5,36.7,0.508,0.492,0.6,Stats last updated,https://www.nbastuffer.com/2023-2024-nba-referee-stats/
2023-24,regular_season,Karl Lane,CREW,MALE,14,50,0.48,1.7,232.8,37.9,0.489,0.512,-0.9,Stats last updated,https://www.nbastuffer.com/2023-2024-nba-referee-stats/
2023-24,regular_season,J.T. Orr,CREW,MALE,15,49,0.469,2.2,227.2,36.2,0.49,0.511,-0.7,Stats last updated,https://www.nbastuffer.com/2023-2024-nba-referee-stats/
2023-24,regular_season,Zach Zarba,CHIEF,MALE,21,48,0.583,4.7,232.3,37.1,0.507,0.493,0.5,Stats last updated,https://www.nbastuffer.com/2023-2024-nba-referee-stats/
2023-24,regular_season,Marc Davis,CHIEF,MALE,26,47,0.574,2.9,229.5,34.4,0.512,0.489,0.8,Stats last updated,https://www.nbastuffer.com/2023-2024-nba-referee-stats/
2023-24,regular_season,Mousa Dagher,CREW,MALE,6,46,0.5,0.9,227.5,37.5,0.498,0.502,-0.2,Stats last updated,https://www.nbastuffer.com/2023-2024-nba-referee-stats/
2023-24,regular_season,James Williams,CREW,MALE,15,46,0.63,5.1,226.6,36.3,0.511,0.49,0.8,Stats last updated,https://www.nbastuffer.com/2023-2024-nba-referee-stats/
2023-24,regular_season,James Capers,CHIEF,MALE,29,48,0.5,1.4,225.2,37.3,0.507,0.494,0.5,Stats last updated,https://www.nbastuffer.com/2023-2024-nba-referee-stats/
2023-24,regular_season,Michael Smith,CHIEF,MALE,31,45,0.444,-0.2,230,38.7,0.505,0.495,0.4,Stats last updated,https://www.nbastuffer.com/2023-2024-nba-referee-stats/
2023-24,regular_season,Kevin Scott,CREW,MALE,14,47,0.574,0.5,228.6,36.9,0.504,0.495,0.3,Stats last updated,https://www.nbastuffer.com/2023-2024-nba-referee-stats/
2023-24,regular_season,Marat Kogut,CREW,MALE,15,45,0.511,-1.2,227.4,39,0.504,0.497,0.3,Stats last updated,https://www.nbastuffer.com/2023-2024-nba-referee-stats/
2023-24,regular_season,Brett Nansel,CREW,MALE,10,45,0.667,4.9,223.3,35.7,0.492,0.509,-0.6,Stats last updated,https://www.nbastuffer.com/2023-2024-nba-referee-stats/
2023-24,regular_season,Brandon Adair,CREW,MALE,7,45,0.578,1.5,221.7,36.3,0.5,0.5,0,Stats last updated,https://www.nbastuffer.com/2023-2024-nba-referee-stats/
2023-24,regular_season,Mark Lindsay,CHIEF,MALE,17,43,0.628,4.3,229.5,38.1,0.501,0.5,0,Stats last updated,https://www.nbastuffer.com/2023-2024-nba-referee-stats/
2023-24,regular_season,Jason Goldenberg,CREW,MALE,8,43,0.512,2.3,230.2,38.4,0.486,0.515,-1.1,Stats last updated,https://www.nbastuffer.com/2023-2024-nba-referee-stats/
2023-24,regular_season,Sean Wright,CHIEF,MALE,19,41,0.439,0.5,233.1,38.4,0.504,0.495,0.4,Stats last updated,https://www.nbastuffer.com/2023-2024-nba-referee-stats/
2023-24,regular_season,Matt Myers,CREW,MALE,13,43,0.558,5.1,229.7,37.5,0.499,0.501,-0.1,Stats last updated,https://www.nbastuffer.com/2023-2024-nba-referee-stats/
2023-24,regular_season,Evan Scott,CREW,MALE,6,42,0.69,4.9,231.1,38.1,0.518,0.482,1.4,Stats last updated,https://www.nbastuffer.com/2023-2024-nba-referee-stats/
2023-24,regular_season,Nick Buchert,CREW,MALE,15,42,0.5,2,231.8,36.6,0.5,0.5,0,Stats last updated,https://www.nbastuffer.com/2023-2024-nba-referee-stats/
2023-24,regular_season,Jenna Schroeder,CREW,FEMALE,5,42,0.619,3,224.9,36.5,0.53,0.471,2.1,Stats last updated,https://www.nbastuffer.com/2023-2024-nba-referee-stats/
2023-24,regular_season,Pat Fraher,CHIEF,MALE,29,40,0.45,-0.1,225.6,36.5,0.484,0.516,-1.2,Stats last updated,https://www.nbastuffer.com/2023-2024-nba-referee-stats/
2023-24,regular_season,Nate Green,CREW,MALE,6,39,0.564,2.3,219.4,36.3,0.505,0.495,0.4,Stats last updated,https://www.nbastuffer.com/2023-2024-nba-referee-stats/
2023-24,regular_season,Tom Washington,CHIEF,MALE,33,40,0.7,5.4,223.7,36.2,0.485,0.515,-1.1,Stats last updated,https://www.nbastuffer.com/2023-2024-nba-referee-stats/
2023-24,regular_season,Suyash Mehta,CREW,MALE,5,36,0.556,1,223.3,38.1,0.497,0.504,-0.3,Stats last updated,https://www.nbastuffer.com/2023-2024-nba-referee-stats/
2023-24,regular_season,Brandon Schwab,CREW,MALE,4,37,0.486,-0.9,228.3,39.4,0.486,0.514,-1.1,Stats last updated,https://www.nbastuffer.com/2023-2024-nba-referee-stats/
2023-24,regular_season,David Guthrie,CHIEF,MALE,19,39,0.436,-2.1,229.2,35.6,0.485,0.514,-1,Stats last updated,https://www.nbastuffer.com/2023-2024-nba-referee-stats/
2023-24,regular_season,Jonathan Sterling,CREW,MALE,7,37,0.514,-0.8,233.8,38.5,0.51,0.489,0.8,Stats last updated,https://www.nbastuffer.com/2023-2024-nba-referee-stats/
2023-24,regular_season,Curtis Blair,CHIEF,MALE,16,35,0.543,2.4,230.5,39.3,0.512,0.489,0.9,Stats last updated,https://www.nbastuffer.com/2023-2024-nba-referee-stats/
2023-24,regular_season,Courtney Kirkland,CHIEF,MALE,25,38,0.474,-3.1,225.9,36.3,0.501,0.498,0.1,Stats last updated,https://www.nbastuffer.com/2023-2024-nba-referee-stats/
2023-24,regular_season,Robert Hussey,CREW,MALE,4,36,0.472,0.7,226.8,36.8,0.483,0.518,-1.3,Stats last updated,https://www.nbastuffer.com/2023-2024-nba-referee-stats/
2023-24,regular_season,John Conley,CREW,MALE,5,36,0.5,0.2,225.9,38.1,0.503,0.497,0.3,Stats last updated,https://www.nbastuffer.com/2023-2024-nba-referee-stats/
2023-24,regular_season,Eric Dalen,CREW,MALE,16,37,0.676,5.3,226.1,38.7,0.509,0.49,0.7,Stats last updated,https://www.nbastuffer.com/2023-2024-nba-referee-stats/
2023-24,regular_season,Ed Malloy,CHIEF,MALE,22,36,0.583,4.6,231.2,36.5,0.514,0.486,1,Stats last updated,https://www.nbastuffer.com/2023-2024-nba-referee-stats/
2023-24,regular_season,Josh Tiven,CHIEF,MALE,15,37,0.595,4,221.9,33.9,0.52,0.482,1.3,Stats last updated,https://www.nbastuffer.com/2023-2024-nba-referee-stats/
2023-24,regular_season,Sha'Rae Mitchell,CREW,MALE,3,35,0.486,4.2,226.9,36.3,0.501,0.498,0.1,Stats last updated,https://www.nbastuffer.com/2023-2024-nba-referee-stats/
2023-24,regular_season,Dannica Mosher,CREW,MALE,4,35,0.657,6.4,230.4,36.1,0.489,0.512,-0.8,Stats last updated,https://www.nbastuffer.com/2023-2024-nba-referee-stats/
2023-24,regular_season,Danielle Scott,CREW,MALE,0,36,0.583,3.9,229.4,39,0.521,0.479,1.6,Stats last updated,https://www.nbastuffer.com/2023-2024-nba-referee-stats/
2023-24,regular_season,Matt Kallio,CREW,MALE,3,34,0.588,2.1,232,37.5,0.5,0.499,0.1,Stats last updated,https://www.nbastuffer.com/2023-2024-nba-referee-stats/
2023-24,regular_season,Brian Forte,CHIEF,MALE,18,35,0.486,0.3,222,37.3,0.506,0.494,0.5,Stats last updated,https://www.nbastuffer.com/2023-2024-nba-referee-stats/
2023-24,regular_season,Intae Hwang,CREW,MALE,2,33,0.455,-2.2,231.7,35.6,0.491,0.509,-0.6,Stats last updated,https://www.nbastuffer.com/2023-2024-nba-referee-stats/
2023-24,regular_season,Kevin Cutler,CREW,MALE,15,33,0.576,3.7,227.7,38.2,0.512,0.489,0.8,Stats last updated,https://www.nbastuffer.com/2023-2024-nba-referee-stats/
2023-24,regular_season,Derrick Collins,CHIEF,MALE,25,31,0.613,4.4,228.1,35.7,0.509,0.491,0.6,Stats last updated,https://www.nbastuffer.com/2023-2024-nba-referee-stats/
2023-24,regular_season,Scott Wall,CHIEF,MALE,29,29,0.586,2.4,229.6,39.6,0.505,0.495,0.4,Stats last updated,https://www.nbastuffer.com/2023-2024-nba-referee-stats/
2023-24,regular_season,Rodney Mott,CHIEF,MALE,29,26,0.654,2,225.7,43.4,0.52,0.479,1.8,Stats last updated,https://www.nbastuffer.com/2023-2024-nba-referee-stats/
2023-24,regular_season,Che Flores,CREW,FEMALE,3,29,0.414,-0.1,226.5,36.7,0.504,0.496,0.3,Stats last updated,https://www.nbastuffer.com/2023-2024-nba-referee-stats/
2023-24,regular_season,Brian Forte,CREW,MALE,18,28,0.607,4.9,229,34.5,0.506,0.493,0.5,Stats last updated,https://www.nbastuffer.com/2023-2024-nba-referee-stats/
2023-24,regular_season,Josh Tiven,CREW,MALE,15,28,0.607,0.5,226.6,36.8,0.503,0.498,0.2,Stats last updated,https://www.nbastuffer.com/2023-2024-nba-referee-stats/
2023-24,regular_season,Curtis Blair,CREW,MALE,16,28,0.536,1.8,225.3,37.6,0.515,0.486,1.1,Stats last updated,https://www.nbastuffer.com/2023-2024-nba-referee-stats/
2023-24,regular_season,Ben Taylor,CREW,MALE,13,27,0.556,2.3,233,37.4,0.51,0.491,0.7,Stats last updated,https://www.nbastuffer.com/2023-2024-nba-referee-stats/
2023-24,regular_season,Derek Richardson,CHIEF,MALE,29,25,0.44,-0.4,234.9,37.8,0.521,0.48,1.5,Stats last updated,https://www.nbastuffer.com/2023-2024-nba-referee-stats/
2023-24,regular_season,Pat Fraher,CREW,MALE,29,24,0.375,-4,230.1,38.5,0.518,0.482,1.4,Stats last updated,https://www.nbastuffer.com/2023-2024-nba-referee-stats/
2023-24,regular_season,Eric Dalen,CHIEF,MALE,16,22,0.5,0,233.7,36.6,0.503,0.497,0.2,Stats last updated,https://www.nbastuffer.com/2023-2024-nba-referee-stats/
2023-24,regular_season,Leon Wood,CHIEF,MALE,29,20,0.4,-3.7,226.4,40.1,0.509,0.49,0.8,Stats last updated,https://www.nbastuffer.com/2023-2024-nba-referee-stats/
2023-24,regular_season,Sean Wright,CREW,MALE,19,23,0.609,2.2,224.9,39.3,0.501,0.499,0.1,Stats last updated,https://www.nbastuffer.com/2023-2024-nba-referee-stats/
2023-24,regular_season,Ed Malloy,CREW,MALE,22,22,0.591,2.8,227,34.7,0.523,0.478,1.5,Stats last updated,https://www.nbastuffer.com/2023-2024-nba-referee-stats/
2023-24,regular_season,Tre Maddox,CREW,MALE,14,19,0.632,5.3,237.5,40.5,0.481,0.52,-1.6,Stats last updated,https://www.nbastuffer.com/2023-2024-nba-referee-stats/
2023-24,regular_season,Nick Buchert,CHIEF,MALE,15,18,0.444,4.1,235.7,38.9,0.498,0.501,-0.1,Stats last updated,https://www.nbastuffer.com/2023-2024-nba-referee-stats/
2023-24,regular_season,Mark Lindsay,CREW,MALE,17,19,0.526,-0.2,230.7,38.3,0.522,0.477,1.7,Stats last updated,https://www.nbastuffer.com/2023-2024-nba-referee-stats/
2023-24,regular_season,Kevin Cutler,CHIEF,MALE,15,20,0.5,-2,231.8,38,0.521,0.478,1.7,Stats last updated,https://www.nbastuffer.com/2023-2024-nba-referee-stats/
2023-24,regular_season,Matt Boland,CREW,MALE,25,17,0.353,-4.8,225.4,36.1,0.495,0.505,-0.4,Stats last updated,https://www.nbastuffer.com/2023-2024-nba-referee-stats/
2023-24,regular_season,Lauren Holtkamp,CREW,FEMALE,12,15,0.533,2.5,231.7,37,0.495,0.505,-0.3,Stats last updated,https://www.nbastuffer.com/2023-2024-nba-referee-stats/
2023-24,regular_season,Zach Zarba,CREW,MALE,21,16,0.5,-0.4,236.8,38.3,0.501,0.498,0.1,Stats last updated,https://www.nbastuffer.com/2023-2024-nba-referee-stats/
2023-24,regular_season,Kevin Scott,CHIEF,MALE,14,15,0.667,3.6,229.2,35.5,0.516,0.483,1.2,Stats last updated,https://www.nbastuffer.com/2023-2024-nba-referee-stats/
2023-24,regular_season,Karl Lane,CHIEF,MALE,14,15,0.8,9.3,222.3,36.7,0.503,0.498,0.2,Stats last updated,https://www.nbastuffer.com/2023-2024-nba-referee-stats/
2023-24,regular_season,Courtney Kirkland,CREW,MALE,25,16,0.5,0.6,231.4,39.9,0.522,0.478,1.8,Stats last updated,https://www.nbastuffer.com/2023-2024-nba-referee-stats/
2023-24,regular_season,Matt Boland,CHIEF,MALE,25,17,0.824,9.8,228.2,39.2,0.486,0.513,-1.1,Stats last updated,https://www.nbastuffer.com/2023-2024-nba-referee-stats/
2023-24,regular_season,Ben Taylor,CHIEF,MALE,13,14,0.571,5.1,229.1,39.4,0.479,0.522,-1.7,Stats last updated,https://www.nbastuffer.com/2023-2024-nba-referee-stats/
2023-24,regular_season,Tom Washington,CREW,MALE,33,14,0.571,3.9,237.4,36.9,0.496,0.505,-0.4,Stats last updated,https://www.nbastuffer.com/2023-2024-nba-referee-stats/
2023-24,regular_season,David Guthrie,CREW,MALE,19,15,0.333,-3.2,231.5,35.3,0.482,0.519,-1.3,Stats last updated,https://www.nbastuffer.com/2023-2024-nba-referee-stats/
2023-24,regular_season,James Williams,CHIEF,MALE,15,15,0.667,3,233.3,34.2,0.491,0.509,-0.6,Stats last updated,https://www.nbastuffer.com/2023-2024-nba-referee-stats/
2023-24,regular_season,Derrick Collins,CREW,MALE,25,16,0.625,6.9,230.1,36.9,0.498,0.503,-0.2,Stats last updated,https://www.nbastuffer.com/2023-2024-nba-referee-stats/
2023-24,regular_season,Derek Richardson,CREW,MALE,29,15,0.733,9.7,235.7,37.3,0.481,0.52,-1.5,Stats last updated,https://www.nbastuffer.com/2023-2024-nba-referee-stats/
2023-24,regular_season,Marc Davis,CREW,MALE,26,14,0.5,0.2,228.5,33.6,0.506,0.495,0.4,Stats last updated,https://www.nbastuffer.com/2023-2024-nba-referee-stats/
2023-24,regular_season,Mitchell Ervin,CHIEF,MALE,10,14,0.429,2.4,226.6,40,0.495,0.505,-0.4,Stats last updated,https://www.nbastuffer.com/2023-2024-nba-referee-stats/
2023-24,regular_season,Marat Kogut,CHIEF,MALE,15,13,0.615,3.7,229.2,39.7,0.517,0.482,1.4,Stats last updated,https://www.nbastuffer.com/2023-2024-nba-referee-stats/
2023-24,regular_season,Brent Barnaky,CHIEF,MALE,15,14,0.429,-1.9,224.8,37.7,0.504,0.496,0.3,Stats last updated,https://www.nbastuffer.com/2023-2024-nba-referee-stats/
2023-24,regular_season,Bill Kennedy,CREW,MALE,29,12,0.583,5.5,231.7,40,0.542,0.458,3.3,Stats last updated,https://www.nbastuffer.com/2023-2024-nba-referee-stats/
2023-24,regular_season,Tyler Ford,CHIEF,MALE,10,12,0.25,-2.7,229.3,38.7,0.469,0.53,-2.3,Stats last updated,https://www.nbastuffer.com/2023-2024-nba-referee-stats/
2023-24,regular_season,John Goble,CHIEF,MALE,17,12,0.75,12.8,223.7,35.9,0.476,0.525,-1.8,Stats last updated,https://www.nbastuffer.com/2023-2024-nba-referee-stats/
2023-24,regular_season,Brett Nansel,CHIEF,MALE,10,10,0.7,5.9,227.3,38.8,0.487,0.513,-1,Stats last updated,https://www.nbastuffer.com/2023-2024-nba-referee-stats/
2023-24,regular_season,Leon Wood,CREW,MALE,29,9,0.556,1.8,238.4,39.9,0.482,0.518,-1.4,Stats last updated,https://www.nbastuffer.com/2023-2024-nba-referee-stats/
2023-24,regular_season,Brent Haskill,CREW,MALE,3,8,0.625,0.8,236.3,39.5,0.522,0.478,1.8,Stats last updated,https://www.nbastuffer.com/2023-2024-nba-referee-stats/
2023-24,regular_season,Tyler Ricks,CREW,MALE,3,8,0.625,4.8,228.8,41.6,0.511,0.49,0.9,Stats last updated,https://www.nbastuffer.com/2023-2024-nba-referee-stats/
2023-24,regular_season,JD Ralls,CREW,MALE,1,8,0.5,-0.875,228.875,38.75,0.4548,0.5452,-3.5,Stats last updated,https://www.nbastuffer.com/2023-2024-nba-referee-stats/
2023-24,regular_season,Scott Wall,CREW,MALE,29,9,0.667,6.4,217.8,38.3,0.496,0.505,-0.3,Stats last updated,https://www.nbastuffer.com/2023-2024-nba-referee-stats/
2023-24,regular_season,John Goble,CREW,MALE,17,12,0.333,-5,223,40.1,0.463,0.536,-2.9,Stats last updated,https://www.nbastuffer.com/2023-2024-nba-referee-stats/
2023-24,regular_season,Tyler Mirkovich,CREW,MALE,3,7,0.857,13.9,229.9,42.4,0.495,0.505,-0.4,Stats last updated,https://www.nbastuffer.com/2023-2024-nba-referee-stats/
2023-24,regular_season,Jenna Reneau,CREW,MALE,3,7,0.429,0,228.6,42,0.507,0.493,0.6,Stats last updated,https://www.nbastuffer.com/2023-2024-nba-referee-stats/
2023-24,regular_season,Pat O'Connell,CREW,MALE,3,7,0.143,-7.4,232.6,40.4,0.499,0.502,-0.1,Stats last updated,https://www.nbastuffer.com/2023-2024-nba-referee-stats/
2023-24,regular_season,JB DeRosa,CREW,MALE,7,6,0.333,-0.2,230.5,35.8,0.47,0.531,-2.2,Stats last updated,https://www.nbastuffer.com/2023-2024-nba-referee-stats/
2023-24,regular_season,J.T. Orr,CHIEF,MALE,15,6,0.667,-0.3,229.7,38.5,0.515,0.485,1.2,Stats last updated,https://www.nbastuffer.com/2023-2024-nba-referee-stats/
2023-24,regular_season,Michael Smith,CREW,MALE,31,8,0.75,9.4,241.6,41.6,0.517,0.484,1.4,Stats last updated,https://www.nbastuffer.com/2023-2024-nba-referee-stats/
2023-24,regular_season,CJ Washington,CHIEF,MALE,10,5,0.2,-6.8,222.8,43.2,0.505,0.495,0.4,Stats last updated,https://www.nbastuffer.com/2023-2024-nba-referee-stats/
2023-24,regular_season,Tre Maddox,CHIEF,MALE,14,4,1,7.5,222,35.5,0.563,0.437,4.5,Stats last updated,https://www.nbastuffer.com/2023-2024-nba-referee-stats/
2023-24,regular_season,Rodney Mott,CREW,MALE,29,4,1,19,228.5,41.5,0.536,0.464,3,Stats last updated,https://www.nbastuffer.com/2023-2024-nba-referee-stats/
2023-24,regular_season,Gediminas Petraitis,CHIEF,MALE,10,4,0.5,-0.3,230.8,40.5,0.494,0.506,-0.5,Stats last updated,https://www.nbastuffer.com/2023-2024-nba-referee-stats/
2023-24,regular_season,Clare Aubry,CREW,MALE,3,3,1,9.3,222,37,0.559,0.441,4.3,Stats last updated,https://www.nbastuffer.com/2023-2024-nba-referee-stats/
2023-24,regular_season,Justin Van Duyne,CHIEF,MALE,11,3,0.333,-11.3,209.3,37.7,0.575,0.424,5.7,Stats last updated,https://www.nbastuffer.com/2023-2024-nba-referee-stats/
2023-24,regular_season,Biniam Maru,CREW,MALE,1,2,0.5,2.5,254.5,43,0.5349,0.4651,3,Stats last updated,https://www.nbastuffer.com/2023-2024-nba-referee-stats/
2023-24,regular_season,Che Flores,CHIEF,FEMALE,3,3,0.333,-3.7,243.7,34.7,0.471,0.528,-2,Stats last updated,https://www.nbastuffer.com/2023-2024-nba-referee-stats/
2023-24,regular_season,Matt Myers,CHIEF,MALE,13,3,0.333,-1.3,234.7,39.7,0.504,0.495,0.3,Stats last updated,https://www.nbastuffer.com/2023-2024-nba-referee-stats/
2023-24,regular_season,Scott Twardoski,CHIEF,MALE,15,3,0,-14.7,246.7,41.3,0.468,0.533,-2.7,Stats last updated,https://www.nbastuffer.com/2023-2024-nba-referee-stats/
2023-24,regular_season,Scott Foster,CREW,MALE,30,2,0,-11.5,235.5,35,0.414,0.586,-6,Stats last updated,https://www.nbastuffer.com/2023-2024-nba-referee-stats/
2023-24,regular_season,Sean Corbin,CREW,MALE,31,1,0,-9,225,46,0.435,0.565,-6,Stats last updated,https://www.nbastuffer.com/2023-2024-nba-referee-stats/
2023-24,regular_season,Dedric Taylor,CHIEF,MALE,11,1,0,-2,220,30,0.433,0.567,-4,Stats last updated,https://www.nbastuffer.com/2023-2024-nba-referee-stats/
2022-23,regular_season,Aaron Smith,CREW,MALE,8,61,0.574,2.8,231.2,38.6,0.498,0.501,-0.1,Stats last updated,https://www.nbastuffer.com/2022-2023-nba-referee-stats/
2022-23,regular_season,Andy Nagy,CREW,MALE,4,48,0.542,1,231.5,37.8,0.509,0.491,0.7,Stats last updated,https://www.nbastuffer.com/2022-2023-nba-referee-stats/
2022-23,regular_season,Ashley Moyer-Gleich,CREW,FEMALE,5,62,0.548,1.4,231.8,39.8,0.503,0.498,0.2,Stats last updated,https://www.nbastuffer.com/2022-2023-nba-referee-stats/
2022-23,regular_season,Ben Taylor,CREW,MALE,12,46,0.674,4.8,229,40.5,0.492,0.509,-0.7,Stats last updated,https://www.nbastuffer.com/2022-2023-nba-referee-stats/
2022-23,regular_season,Ben Taylor,CHIEF,MALE,12,19,0.474,-0.1,234.7,43.2,0.491,0.509,-0.8,Stats last updated,https://www.nbastuffer.com/2022-2023-nba-referee-stats/
2022-23,regular_season,Bill Kennedy,CHIEF,MALE,28,50,0.56,0.4,231.4,40.1,0.495,0.505,-0.4,Stats last updated,https://www.nbastuffer.com/2022-2023-nba-referee-stats/
2022-23,regular_season,Bill Kennedy,CREW,MALE,28,12,0.5,-2.3,231.4,39.3,0.513,0.488,1,Stats last updated,https://www.nbastuffer.com/2022-2023-nba-referee-stats/
2022-23,regular_season,Brandon Adair,CREW,MALE,6,50,0.56,1.7,226.2,36.9,0.498,0.502,-0.2,Stats last updated,https://www.nbastuffer.com/2022-2023-nba-referee-stats/
2022-23,regular_season,Brandon Schwab,CREW,MALE,3,42,0.619,3.3,227.8,38.5,0.5,0.499,0,Stats last updated,https://www.nbastuffer.com/2022-2023-nba-referee-stats/
2022-23,regular_season,Brent Barnaky,CREW,MALE,14,47,0.66,2.6,227.6,40,0.526,0.476,2,Stats last updated,https://www.nbastuffer.com/2022-2023-nba-referee-stats/
2022-23,regular_season,Brent Barnaky,CHIEF,MALE,14,16,0.688,6.9,227.8,37.3,0.509,0.489,0.8,Stats last updated,https://www.nbastuffer.com/2022-2023-nba-referee-stats/
2022-23,regular_season,Brent Haskill,CREW,MALE,2,6,0.5,3.2,231.8,39.8,0.523,0.477,1.8,Stats last updated,https://www.nbastuffer.com/2022-2023-nba-referee-stats/
2022-23,regular_season,Brett Nansel,CREW,MALE,9,53,0.604,3.4,228.9,40.7,0.495,0.504,-0.4,Stats last updated,https://www.nbastuffer.com/2022-2023-nba-referee-stats/
2022-23,regular_season,Brett Nansel,CHIEF,MALE,9,5,0.6,4.8,242,38.8,0.51,0.49,0.8,Stats last updated,https://www.nbastuffer.com/2022-2023-nba-referee-stats/
2022-23,regular_season,Brian Forte,CREW,MALE,17,37,0.703,4.9,227.8,39.9,0.511,0.488,0.9,Stats last updated,https://www.nbastuffer.com/2022-2023-nba-referee-stats/
2022-23,regular_season,Brian Forte,CHIEF,MALE,17,27,0.407,1.4,230.9,38.7,0.491,0.509,-0.7,Stats last updated,https://www.nbastuffer.com/2022-2023-nba-referee-stats/
2022-23,regular_season,Cheryl Flores,CREW,FEMALE,2,34,0.441,1.8,226,39.7,0.482,0.519,-1.5,Stats last updated,https://www.nbastuffer.com/2022-2023-nba-referee-stats/
2022-23,regular_season,Cheryl Flores,CHIEF,MALE,2,1,1,12,256,37,0.486,0.514,-1,Stats last updated,https://www.nbastuffer.com/2022-2023-nba-referee-stats/
2022-23,regular_season,CJ Washington,CREW,MALE,9,41,0.415,-3.4,227.7,41.5,0.521,0.478,1.8,Stats last updated,https://www.nbastuffer.com/2022-2023-nba-referee-stats/
2022-23,regular_season,CJ Washington,CHIEF,MALE,9,3,1,18,234,40.3,0.521,0.48,1.7,Stats last updated,https://www.nbastuffer.com/2022-2023-nba-referee-stats/
2022-23,regular_season,Courtney Kirkland,CHIEF,MALE,24,46,0.522,0.2,226.4,39.4,0.509,0.491,0.7,Stats last updated,https://www.nbastuffer.com/2022-2023-nba-referee-stats/
2022-23,regular_season,Courtney Kirkland,CREW,MALE,24,16,0.438,1.3,223.4,39.1,0.527,0.473,2.1,Stats last updated,https://www.nbastuffer.com/2022-2023-nba-referee-stats/
2022-23,regular_season,Curtis Blair,CHIEF,MALE,15,31,0.645,3.9,227.8,39.5,0.501,0.498,0.1,Stats last updated,https://www.nbastuffer.com/2022-2023-nba-referee-stats/
2022-23,regular_season,Curtis Blair,CREW,MALE,15,32,0.5,2.4,231.6,40.2,0.491,0.508,-0.7,Stats last updated,https://www.nbastuffer.com/2022-2023-nba-referee-stats/
2022-23,regular_season,Danielle Scott,CREW,MALE,0,9,0.667,4.3,235.9,40.2,0.478,0.522,-1.8,Stats last updated,https://www.nbastuffer.com/2022-2023-nba-referee-stats/
2022-23,regular_season,Dannica Mosher,CREW,MALE,3,33,0.667,5.1,223.9,40.6,0.502,0.497,0.2,Stats last updated,https://www.nbastuffer.com/2022-2023-nba-referee-stats/
2022-23,regular_season,David Guthrie,CHIEF,MALE,18,41,0.61,3.7,231.1,40.8,0.518,0.481,1.5,Stats last updated,https://www.nbastuffer.com/2022-2023-nba-referee-stats/
2022-23,regular_season,David Guthrie,CREW,MALE,18,18,0.556,5.5,229.2,41.8,0.509,0.49,0.8,Stats last updated,https://www.nbastuffer.com/2022-2023-nba-referee-stats/
2022-23,regular_season,Dedric Taylor,CREW,MALE,10,54,0.667,4.2,229,39.4,0.516,0.485,1.2,Stats last updated,https://www.nbastuffer.com/2022-2023-nba-referee-stats/
2022-23,regular_season,Dedric Taylor,CHIEF,MALE,10,2,0,-8.5,237.5,37,0.459,0.541,-3,Stats last updated,https://www.nbastuffer.com/2022-2023-nba-referee-stats/
2022-23,regular_season,Derek Richardson,CHIEF,MALE,28,20,0.6,3.9,230.7,40.3,0.502,0.496,0.3,Stats last updated,https://www.nbastuffer.com/2022-2023-nba-referee-stats/
2022-23,regular_season,Derek Richardson,CREW,MALE,28,6,0.333,-4,218.3,40,0.5,0.5,0,Stats last updated,https://www.nbastuffer.com/2022-2023-nba-referee-stats/
2022-23,regular_season,Derrick Collins,CHIEF,MALE,24,18,0.5,0.8,222.6,38,0.51,0.49,0.8,Stats last updated,https://www.nbastuffer.com/2022-2023-nba-referee-stats/
2022-23,regular_season,Derrick Collins,CREW,MALE,24,8,0.875,3.6,231.1,39.1,0.512,0.489,0.9,Stats last updated,https://www.nbastuffer.com/2022-2023-nba-referee-stats/
2022-23,regular_season,Ed Malloy,CHIEF,MALE,21,33,0.424,-2.2,230.7,39.2,0.482,0.516,-1.3,Stats last updated,https://www.nbastuffer.com/2022-2023-nba-referee-stats/
2022-23,regular_season,Ed Malloy,CREW,MALE,21,26,0.577,6,233.6,40.2,0.503,0.496,0.3,Stats last updated,https://www.nbastuffer.com/2022-2023-nba-referee-stats/
2022-23,regular_season,Eric Dalen,CREW,MALE,15,24,0.667,5.4,216.1,37,0.48,0.52,-1.5,Stats last updated,https://www.nbastuffer.com/2022-2023-nba-referee-stats/
2022-23,regular_season,Eric Dalen,CHIEF,MALE,15,16,0.438,-2.5,226.8,39.6,0.508,0.491,0.7,Stats last updated,https://www.nbastuffer.com/2022-2023-nba-referee-stats/
2022-23,regular_season,Eric Lewis,CHIEF,MALE,19,44,0.614,3.3,228.5,43.2,0.518,0.481,1.6,Stats last updated,https://www.nbastuffer.com/2022-2023-nba-referee-stats/
2022-23,regular_season,Eric Lewis,CREW,MALE,19,19,0.526,-3,225.2,42.3,0.506,0.494,0.5,Stats last updated,https://www.nbastuffer.com/2022-2023-nba-referee-stats/
2022-23,regular_season,Evan Scott,CREW,MALE,5,40,0.675,3.4,230.7,39.6,0.515,0.485,1.2,Stats last updated,https://www.nbastuffer.com/2022-2023-nba-referee-stats/
2022-23,regular_season,Gediminas Petraitis,CREW,MALE,9,60,0.567,2,229.1,40.8,0.493,0.508,-0.6,Stats last updated,https://www.nbastuffer.com/2022-2023-nba-referee-stats/
2022-23,regular_season,Gediminas Petraitis,CHIEF,MALE,9,4,0.25,-4.8,245.8,35.5,0.451,0.549,-3.5,Stats last updated,https://www.nbastuffer.com/2022-2023-nba-referee-stats/
2022-23,regular_season,Intae Hwang,CREW,MALE,1,7,0.571,4,224.3,44.6,0.532,0.468,2.9,Stats last updated,https://www.nbastuffer.com/2022-2023-nba-referee-stats/
2022-23,regular_season,J.T. Orr,CREW,MALE,14,45,0.556,0.4,230,41.9,0.506,0.493,0.6,Stats last updated,https://www.nbastuffer.com/2022-2023-nba-referee-stats/
2022-23,regular_season,J.T. Orr,CHIEF,MALE,14,4,0.5,0,222.5,44.5,0.483,0.517,-1.5,Stats last updated,https://www.nbastuffer.com/2022-2023-nba-referee-stats/
2022-23,regular_season,Jacyn Goble,CREW,MALE,7,62,0.71,4.9,231.7,40.2,0.512,0.488,0.9,Stats last updated,https://www.nbastuffer.com/2022-2023-nba-referee-stats/
2022-23,regular_season,Jamahl Ralls,CREW,MALE,2,6,0.667,9,245,46.8,0.506,0.495,0.5,Stats last updated,https://www.nbastuffer.com/2022-2023-nba-referee-stats/
2022-23,regular_season,James Capers,CHIEF,MALE,28,43,0.581,1.9,225,39.9,0.492,0.509,-0.7,Stats last updated,https://www.nbastuffer.com/2022-2023-nba-referee-stats/
2022-23,regular_season,James Williams,CREW,MALE,14,45,0.578,3.4,229.1,37.1,0.498,0.501,-0.1,Stats last updated,https://www.nbastuffer.com/2022-2023-nba-referee-stats/
2022-23,regular_season,James Williams,CHIEF,MALE,14,18,0.556,0.1,225.2,35.8,0.512,0.487,0.9,Stats last updated,https://www.nbastuffer.com/2022-2023-nba-referee-stats/
2022-23,regular_season,Jason Goldenberg,CREW,MALE,7,48,0.604,5.2,235.6,41.1,0.501,0.5,0.1,Stats last updated,https://www.nbastuffer.com/2022-2023-nba-referee-stats/
2022-23,regular_season,JB DeRosa,CHIEF,MALE,6,60,0.517,0.7,232.5,42,0.499,0.501,-0.1,Stats last updated,https://www.nbastuffer.com/2022-2023-nba-referee-stats/
2022-23,regular_season,JB DeRosa,CREW,MALE,6,4,0.75,2.5,233.5,44,0.511,0.489,1,Stats last updated,https://www.nbastuffer.com/2022-2023-nba-referee-stats/
2022-23,regular_season,Jenna Reneau,CREW,MALE,2,5,0.6,-1.4,239.8,40.8,0.52,0.48,1.6,Stats last updated,https://www.nbastuffer.com/2022-2023-nba-referee-stats/
2022-23,regular_season,Jenna Schroeder,CREW,FEMALE,4,35,0.514,1,230.3,40.7,0.521,0.48,1.7,Stats last updated,https://www.nbastuffer.com/2022-2023-nba-referee-stats/
2022-23,regular_season,John Butler,CREW,MALE,5,48,0.563,2.6,227.2,39.4,0.5,0.5,0,Stats last updated,https://www.nbastuffer.com/2022-2023-nba-referee-stats/
2022-23,regular_season,John Conley,CREW,MALE,4,36,0.528,1.1,230.8,41.1,0.501,0.499,0.1,Stats last updated,https://www.nbastuffer.com/2022-2023-nba-referee-stats/
2022-23,regular_season,John Goble,CHIEF,MALE,16,40,0.45,1.3,225.4,39.5,0.485,0.514,-1.1,Stats last updated,https://www.nbastuffer.com/2022-2023-nba-referee-stats/
2022-23,regular_season,John Goble,CREW,MALE,16,22,0.773,5.9,229.5,38.4,0.535,0.464,2.7,Stats last updated,https://www.nbastuffer.com/2022-2023-nba-referee-stats/
2022-23,regular_season,Jonathan Sterling,CREW,MALE,6,47,0.638,4.9,228.9,40.4,0.504,0.497,0.3,Stats last updated,https://www.nbastuffer.com/2022-2023-nba-referee-stats/
2022-23,regular_season,Josh Tiven,CHIEF,MALE,14,32,0.438,0.5,226.8,39.9,0.504,0.497,0.3,Stats last updated,https://www.nbastuffer.com/2022-2023-nba-referee-stats/
2022-23,regular_season,Josh Tiven,CREW,MALE,14,33,0.697,3.9,231.4,41.1,0.509,0.49,0.8,Stats last updated,https://www.nbastuffer.com/2022-2023-nba-referee-stats/
2022-23,regular_season,Justin Van Duyne,CREW,MALE,10,58,0.431,-1.4,225.7,37.7,0.489,0.512,-0.8,Stats last updated,https://www.nbastuffer.com/2022-2023-nba-referee-stats/
2022-23,regular_season,Justin Van Duyne,CHIEF,MALE,10,5,0.6,10.8,213.2,37.2,0.5,0.5,0,Stats last updated,https://www.nbastuffer.com/2022-2023-nba-referee-stats/
2022-23,regular_season,Karl Lane,CREW,MALE,13,51,0.569,3.3,231,39.6,0.509,0.492,0.7,Stats last updated,https://www.nbastuffer.com/2022-2023-nba-referee-stats/
2022-23,regular_season,Karl Lane,CHIEF,MALE,13,13,0.615,4.8,224.9,38.2,0.501,0.499,0.1,Stats last updated,https://www.nbastuffer.com/2022-2023-nba-referee-stats/
2022-23,regular_season,Kevin Cutler,CREW,MALE,14,36,0.556,1.6,228,37.6,0.51,0.491,0.7,Stats last updated,https://www.nbastuffer.com/2022-2023-nba-referee-stats/
2022-23,regular_season,Kevin Cutler,CHIEF,MALE,14,19,0.632,2.8,225.1,40.2,0.505,0.495,0.4,Stats last updated,https://www.nbastuffer.com/2022-2023-nba-referee-stats/
2022-23,regular_season,Kevin Scott,CREW,MALE,13,47,0.617,1.9,228.8,40.6,0.517,0.482,1.4,Stats last updated,https://www.nbastuffer.com/2022-2023-nba-referee-stats/
2022-23,regular_season,Kevin Scott,CHIEF,MALE,13,14,0.571,2.4,232.6,40.1,0.502,0.499,0.1,Stats last updated,https://www.nbastuffer.com/2022-2023-nba-referee-stats/
2022-23,regular_season,Lauren Holtkamp,CREW,FEMALE,11,37,0.649,3.6,233.5,39.8,0.509,0.49,0.8,Stats last updated,https://www.nbastuffer.com/2022-2023-nba-referee-stats/
2022-23,regular_season,Leon Wood,CHIEF,MALE,28,36,0.611,2.8,225.8,40.6,0.515,0.484,1.2,Stats last updated,https://www.nbastuffer.com/2022-2023-nba-referee-stats/
2022-23,regular_season,Leon Wood,CREW,MALE,28,11,0.727,7.3,222.4,40.9,0.511,0.489,0.9,Stats last updated,https://www.nbastuffer.com/2022-2023-nba-referee-stats/
2022-23,regular_season,Marat Kogut,CREW,MALE,14,38,0.5,-1.2,225.7,41.5,0.512,0.489,0.9,Stats last updated,https://www.nbastuffer.com/2022-2023-nba-referee-stats/
2022-23,regular_season,Marat Kogut,CHIEF,MALE,14,6,0.833,7.2,221.2,40.7,0.512,0.487,1,Stats last updated,https://www.nbastuffer.com/2022-2023-nba-referee-stats/
2022-23,regular_season,Marc Davis,CHIEF,MALE,25,43,0.651,5.6,227.6,37.6,0.512,0.487,0.9,Stats last updated,https://www.nbastuffer.com/2022-2023-nba-referee-stats/
2022-23,regular_season,Marc Davis,CREW,MALE,25,18,0.722,4.6,226.7,38.2,0.486,0.515,-1.1,Stats last updated,https://www.nbastuffer.com/2022-2023-nba-referee-stats/
2022-23,regular_season,Mark Lindsay,CHIEF,MALE,16,20,0.55,0.3,230.8,38.4,0.499,0.501,-0.1,Stats last updated,https://www.nbastuffer.com/2022-2023-nba-referee-stats/
2022-23,regular_season,Mark Lindsay,CREW,MALE,16,14,0.571,1,235.3,39.1,0.513,0.486,1.1,Stats last updated,https://www.nbastuffer.com/2022-2023-nba-referee-stats/
2022-23,regular_season,Matt Boland,CREW,MALE,24,29,0.586,1.6,225.5,42.4,0.494,0.506,-0.5,Stats last updated,https://www.nbastuffer.com/2022-2023-nba-referee-stats/
2022-23,regular_season,Matt Boland,CHIEF,MALE,24,24,0.542,-1.1,232.5,40.8,0.487,0.514,-1.1,Stats last updated,https://www.nbastuffer.com/2022-2023-nba-referee-stats/
2022-23,regular_season,Matt Kallio,CREW,MALE,2,31,0.419,-0.8,233.6,40.1,0.512,0.489,0.9,Stats last updated,https://www.nbastuffer.com/2022-2023-nba-referee-stats/
2022-23,regular_season,Matt Myers,CREW,MALE,12,52,0.577,2.3,229.5,41.3,0.493,0.507,-0.6,Stats last updated,https://www.nbastuffer.com/2022-2023-nba-referee-stats/
2022-23,regular_season,Michael Smith,CHIEF,MALE,30,46,0.717,5.4,229,40,0.51,0.491,0.8,Stats last updated,https://www.nbastuffer.com/2022-2023-nba-referee-stats/
2022-23,regular_season,Michael Smith,CREW,MALE,30,9,0.667,1.2,229.7,42.2,0.553,0.448,4.4,Stats last updated,https://www.nbastuffer.com/2022-2023-nba-referee-stats/
2022-23,regular_season,Mitchell Ervin,CREW,MALE,9,60,0.617,4.6,233.9,42.5,0.501,0.498,0.1,Stats last updated,https://www.nbastuffer.com/2022-2023-nba-referee-stats/
2022-23,regular_season,Mitchell Ervin,CHIEF,MALE,9,5,0.4,-4.6,232.6,39.6,0.551,0.449,4,Stats last updated,https://www.nbastuffer.com/2022-2023-nba-referee-stats/
2022-23,regular_season,Mousa Dagher,CREW,MALE,5,44,0.545,3.6,229.1,40.3,0.496,0.504,-0.3,Stats last updated,https://www.nbastuffer.com/2022-2023-nba-referee-stats/
2022-23,regular_season,Natalie Sago,CREW,FEMALE,5,62,0.468,0.5,232.9,40.6,0.498,0.503,-0.2,Stats last updated,https://www.nbastuffer.com/2022-2023-nba-referee-stats/
2022-23,regular_season,Nate Green,CREW,MALE,5,36,0.444,-2.8,227.1,40.4,0.495,0.505,-0.4,Stats last updated,https://www.nbastuffer.com/2022-2023-nba-referee-stats/
2022-23,regular_season,Nick Buchert,CREW,MALE,14,47,0.468,-0.4,228.9,40.8,0.508,0.491,0.7,Stats last updated,https://www.nbastuffer.com/2022-2023-nba-referee-stats/
2022-23,regular_season,Nick Buchert,CHIEF,MALE,14,14,0.714,5.6,229.4,39.4,0.48,0.518,-1.5,Stats last updated,https://www.nbastuffer.com/2022-2023-nba-referee-stats/
2022-23,regular_season,Pat Fraher,CHIEF,MALE,28,46,0.609,2.5,227.3,42.1,0.483,0.516,-1.4,Stats last updated,https://www.nbastuffer.com/2022-2023-nba-referee-stats/
2022-23,regular_season,Pat Fraher,CREW,MALE,28,16,0.688,5.5,236.8,38.9,0.509,0.492,0.7,Stats last updated,https://www.nbastuffer.com/2022-2023-nba-referee-stats/
2022-23,regular_season,Pat O'Connell,CREW,MALE,2,6,0.5,-0.8,233.8,43.2,0.532,0.467,2.8,Stats last updated,https://www.nbastuffer.com/2022-2023-nba-referee-stats/
2022-23,regular_season,Phenizee Ransom,CREW,MALE,7,45,0.6,4.8,230.7,38.6,0.503,0.498,0.2,Stats last updated,https://www.nbastuffer.com/2022-2023-nba-referee-stats/
2022-23,regular_season,Ray Acosta,CREW,MALE,6,64,0.594,2.1,225,39.3,0.516,0.483,1.3,Stats last updated,https://www.nbastuffer.com/2022-2023-nba-referee-stats/
2022-23,regular_season,Robert Hussey,CREW,MALE,3,33,0.848,8.4,231.7,37.9,0.505,0.496,0.4,Stats last updated,https://www.nbastuffer.com/2022-2023-nba-referee-stats/
2022-23,regular_season,Rodney Mott,CHIEF,MALE,28,50,0.64,3.6,227.1,39,0.521,0.478,1.7,Stats last updated,https://www.nbastuffer.com/2022-2023-nba-referee-stats/
2022-23,regular_season,Rodney Mott,CREW,MALE,28,4,0.5,-3.8,223.3,39.8,0.471,0.528,-2.3,Stats last updated,https://www.nbastuffer.com/2022-2023-nba-referee-stats/
2022-23,regular_season,Scott Foster,CHIEF,MALE,29,55,0.709,5.4,232.1,39.8,0.497,0.502,-0.2,Stats last updated,https://www.nbastuffer.com/2022-2023-nba-referee-stats/
2022-23,regular_season,Scott Foster,CREW,MALE,29,3,0.667,3,227.7,41.7,0.48,0.52,-1.7,Stats last updated,https://www.nbastuffer.com/2022-2023-nba-referee-stats/
2022-23,regular_season,Scott Twardoski,CREW,MALE,14,49,0.449,-2.4,229.2,40,0.502,0.497,0.2,Stats last updated,https://www.nbastuffer.com/2022-2023-nba-referee-stats/
2022-23,regular_season,Scott Wall,CHIEF,MALE,28,30,0.633,4,224.4,38.8,0.505,0.494,0.4,Stats last updated,https://www.nbastuffer.com/2022-2023-nba-referee-stats/
2022-23,regular_season,Scott Wall,CREW,MALE,28,12,0.667,5.6,234.8,40.9,0.532,0.469,2.6,Stats last updated,https://www.nbastuffer.com/2022-2023-nba-referee-stats/
2022-23,regular_season,Sean Corbin,CHIEF,MALE,30,48,0.604,3.9,237.2,41.5,0.517,0.483,1.4,Stats last updated,https://www.nbastuffer.com/2022-2023-nba-referee-stats/
2022-23,regular_season,Sean Corbin,CREW,MALE,30,5,0.8,4.8,221.6,40,0.53,0.47,2.4,Stats last updated,https://www.nbastuffer.com/2022-2023-nba-referee-stats/
2022-23,regular_season,Sean Wright,CHIEF,MALE,18,41,0.488,2.3,229.6,40.5,0.514,0.487,1.1,Stats last updated,https://www.nbastuffer.com/2022-2023-nba-referee-stats/
2022-23,regular_season,Sean Wright,CREW,MALE,18,22,0.636,5.1,224.7,40.3,0.504,0.496,0.3,Stats last updated,https://www.nbastuffer.com/2022-2023-nba-referee-stats/
2022-23,regular_season,Sha'Rae Mitchell,CREW,MALE,2,7,0.429,-2.6,235.7,41,0.495,0.505,-0.4,Stats last updated,https://www.nbastuffer.com/2022-2023-nba-referee-stats/
2022-23,regular_season,Simone Jelks,CREW,FEMALE,4,6,0.5,1.7,217,34.7,0.509,0.49,0.7,Stats last updated,https://www.nbastuffer.com/2022-2023-nba-referee-stats/
2022-23,regular_season,Suyash Mehta,CREW,MALE,4,39,0.513,1.5,231.6,41,0.507,0.493,0.5,Stats last updated,https://www.nbastuffer.com/2022-2023-nba-referee-stats/
2022-23,regular_season,Tom Washington,CHIEF,MALE,32,17,0.824,7.6,232.5,38.2,0.5,0.499,0.1,Stats last updated,https://www.nbastuffer.com/2022-2023-nba-referee-stats/
2022-23,regular_season,Tom Washington,CREW,MALE,32,2,0,-5.5,246.5,40,0.45,0.55,-4,Stats last updated,https://www.nbastuffer.com/2022-2023-nba-referee-stats/
2022-23,regular_season,Tony Brothers,CHIEF,MALE,29,64,0.641,3.1,234.7,41.1,0.523,0.478,1.8,Stats last updated,https://www.nbastuffer.com/2022-2023-nba-referee-stats/
2022-23,regular_season,Tre Maddox,CREW,MALE,13,50,0.66,6,225.3,37.8,0.494,0.507,-0.5,Stats last updated,https://www.nbastuffer.com/2022-2023-nba-referee-stats/
2022-23,regular_season,Tre Maddox,CHIEF,MALE,13,9,0.333,-1.4,225.2,40.2,0.473,0.528,-2.2,Stats last updated,https://www.nbastuffer.com/2022-2023-nba-referee-stats/
2022-23,regular_season,Tyler Ford,CREW,MALE,9,56,0.518,2.3,231.6,41.1,0.506,0.495,0.4,Stats last updated,https://www.nbastuffer.com/2022-2023-nba-referee-stats/
2022-23,regular_season,Tyler Ford,CHIEF,MALE,9,7,0.714,2,224.6,41.1,0.48,0.521,-1.7,Stats last updated,https://www.nbastuffer.com/2022-2023-nba-referee-stats/
2022-23,regular_season,Tyler Mirkovich,CREW,MALE,2,7,0.571,2.7,230.1,44.3,0.458,0.542,-3.7,Stats last updated,https://www.nbastuffer.com/2022-2023-nba-referee-stats/
2022-23,regular_season,Tyler Ricks,CREW,MALE,2,6,0.5,-1.3,222.3,37.5,0.511,0.489,0.8,Stats last updated,https://www.nbastuffer.com/2022-2023-nba-referee-stats/
2022-23,regular_season,Zach Zarba,CHIEF,MALE,20,44,0.523,1,230.1,37.1,0.517,0.483,1.3,Stats last updated,https://www.nbastuffer.com/2022-2023-nba-referee-stats/
2022-23,regular_season,Zach Zarba,CREW,MALE,20,20,0.75,6.2,231,38.6,0.49,0.509,-0.8,Stats last updated,https://www.nbastuffer.com/2022-2023-nba-referee-stats/
2022-23,regular_season,James Capers,CREW,MALE,28,1,0,-19,235,47,0.5745,0.4255,7,Stats last updated,https://www.nbastuffer.com/2022-2023-nba-referee-stats/
2022-23,playoffs,Ben Taylor,CREW,MALE,12,8,0.5,-2.1,217.6,41.3,0.505,0.493,0.5,Stats last updated,https://www.nbastuffer.com/2022-2023-nba-referee-stats/
2022-23,playoffs,Bill Kennedy,CHIEF,MALE,28,7,0.714,7.7,222,39.4,0.511,0.489,0.9,Stats last updated,https://www.nbastuffer.com/2022-2023-nba-referee-stats/
2022-23,playoffs,Bill Kennedy,CREW,MALE,28,5,0.4,2,210.8,34.4,0.477,0.523,-1.6,Stats last updated,https://www.nbastuffer.com/2022-2023-nba-referee-stats/
2022-23,playoffs,Brent Barnaky,CREW,MALE,14,4,0.25,-3.3,221.3,38.5,0.481,0.519,-1.5,Stats last updated,https://www.nbastuffer.com/2022-2023-nba-referee-stats/
2022-23,playoffs,Brian Forte,CREW,MALE,18,6,0.667,3.8,214.8,44.3,0.515,0.485,1.3,Stats last updated,https://www.nbastuffer.com/2022-2023-nba-referee-stats/
2022-23,playoffs,Brian Forte,CHIEF,MALE,18,1,1,16,260,25,0.36,0.64,-7,Stats last updated,https://www.nbastuffer.com/2022-2023-nba-referee-stats/
2022-23,playoffs,Courtney Kirkland,CHIEF,MALE,24,8,0.625,7.3,214.5,40.6,0.536,0.465,2.9,Stats last updated,https://www.nbastuffer.com/2022-2023-nba-referee-stats/
2022-23,playoffs,Courtney Kirkland,CREW,MALE,24,1,0,-17,215,42,0.571,0.429,6,Stats last updated,https://www.nbastuffer.com/2022-2023-nba-referee-stats/
2022-23,playoffs,Curtis Blair,CREW,MALE,15,10,0.5,-0.3,211.1,38.8,0.526,0.474,2,Stats last updated,https://www.nbastuffer.com/2022-2023-nba-referee-stats/
2022-23,playoffs,David Guthrie,CHIEF,MALE,18,1,1,12,180,42,0.476,0.524,-2,Stats last updated,https://www.nbastuffer.com/2022-2023-nba-referee-stats/
2022-23,playoffs,David Guthrie,CREW,MALE,18,13,0.692,6.1,213.5,35.6,0.534,0.467,2.4,Stats last updated,https://www.nbastuffer.com/2022-2023-nba-referee-stats/
2022-23,playoffs,Ed Malloy,CHIEF,MALE,21,2,0.5,-3,215,37.5,0.52,0.48,1.5,Stats last updated,https://www.nbastuffer.com/2022-2023-nba-referee-stats/
2022-23,playoffs,Ed Malloy,CREW,MALE,21,7,0.714,4,221.1,38,0.511,0.489,0.9,Stats last updated,https://www.nbastuffer.com/2022-2023-nba-referee-stats/
2022-23,playoffs,Eric Dalen,CREW,MALE,15,3,0.333,-4,217.3,45.7,0.503,0.496,0.3,Stats last updated,https://www.nbastuffer.com/2022-2023-nba-referee-stats/
2022-23,playoffs,Eric Lewis,CHIEF,MALE,19,2,1,9.5,199.5,45,0.611,0.389,10,Stats last updated,https://www.nbastuffer.com/2022-2023-nba-referee-stats/
2022-23,playoffs,Eric Lewis,CREW,MALE,19,7,0.857,13.4,226.9,37.1,0.481,0.52,-1.4,Stats last updated,https://www.nbastuffer.com/2022-2023-nba-referee-stats/
2022-23,playoffs,Gediminas Petraitis,CREW,MALE,9,3,0.667,2.7,236,42,0.484,0.516,-1.3,Stats last updated,https://www.nbastuffer.com/2022-2023-nba-referee-stats/
2022-23,playoffs,Jacyn Goble,CREW,MALE,7,2,0.5,-1.5,240.5,35.5,0.507,0.493,0.5,Stats last updated,https://www.nbastuffer.com/2022-2023-nba-referee-stats/
2022-23,playoffs,James Williams,CREW,MALE,14,11,0.545,2.4,227.5,39.5,0.506,0.493,0.5,Stats last updated,https://www.nbastuffer.com/2022-2023-nba-referee-stats/
2022-23,playoffs,JB DeRosa,CHIEF,MALE,6,2,1,17,227,37,0.473,0.527,-2,Stats last updated,https://www.nbastuffer.com/2022-2023-nba-referee-stats/
2022-23,playoffs,John Goble,CHIEF,MALE,16,2,0.5,-5,216,41.5,0.458,0.542,-3.5,Stats last updated,https://www.nbastuffer.com/2022-2023-nba-referee-stats/
2022-23,playoffs,John Goble,CREW,MALE,16,10,0.6,1.8,216.4,39.9,0.564,0.436,5.1,Stats last updated,https://www.nbastuffer.com/2022-2023-nba-referee-stats/
2022-23,playoffs,Josh Tiven,CREW,MALE,14,11,0.545,5.9,211.4,39.6,0.494,0.507,-0.5,Stats last updated,https://www.nbastuffer.com/2022-2023-nba-referee-stats/
2022-23,playoffs,Justin Van Duyne,CREW,MALE,10,1,1,5,253,43,0.442,0.558,-5,Stats last updated,https://www.nbastuffer.com/2022-2023-nba-referee-stats/
2022-23,playoffs,Karl Lane,CREW,MALE,13,4,0.75,6,235,36.5,0.562,0.438,4.5,Stats last updated,https://www.nbastuffer.com/2022-2023-nba-referee-stats/
2022-23,playoffs,Kevin Cutler,CREW,MALE,14,2,1,9.5,195.5,38.5,0.545,0.455,3.5,Stats last updated,https://www.nbastuffer.com/2022-2023-nba-referee-stats/
2022-23,playoffs,Kevin Scott,CREW,MALE,13,10,0.7,11.5,210.1,38.7,0.504,0.496,0.3,Stats last updated,https://www.nbastuffer.com/2022-2023-nba-referee-stats/
2022-23,playoffs,Lauren Holtkamp,CREW,FEMALE,11,1,1,9,235,50,0.5,0.5,0,Stats last updated,https://www.nbastuffer.com/2022-2023-nba-referee-stats/
2022-23,playoffs,Marc Davis,CHIEF,MALE,25,13,0.538,1.5,219.4,39.1,0.51,0.49,0.8,Stats last updated,https://www.nbastuffer.com/2022-2023-nba-referee-stats/
2022-23,playoffs,Marc Davis,CREW,MALE,25,2,0.5,3,223,31,0.565,0.435,4,Stats last updated,https://www.nbastuffer.com/2022-2023-nba-referee-stats/
2022-23,playoffs,Mark Lindsay,CHIEF,MALE,16,1,1,13,225,19,0.579,0.421,3,Stats last updated,https://www.nbastuffer.com/2022-2023-nba-referee-stats/
2022-23,playoffs,Mark Lindsay,CREW,MALE,16,7,0.571,3.1,225.1,40.7,0.544,0.456,3.6,Stats last updated,https://www.nbastuffer.com/2022-2023-nba-referee-stats/
2022-23,playoffs,Michael Smith,CHIEF,MALE,30,2,0.5,4.5,199.5,34.5,0.522,0.478,1.5,Stats last updated,https://www.nbastuffer.com/2022-2023-nba-referee-stats/
2022-23,playoffs,Michael Smith,CREW,MALE,30,1,0,-13,247,46,0.522,0.478,2,Stats last updated,https://www.nbastuffer.com/2022-2023-nba-referee-stats/
2022-23,playoffs,Mitchell Ervin,CREW,MALE,9,3,1,14.7,234.7,39.3,0.551,0.45,4,Stats last updated,https://www.nbastuffer.com/2022-2023-nba-referee-stats/
2022-23,playoffs,Natalie Sago,CREW,FEMALE,5,1,0,-5,253,49,0.367,0.633,-13,Stats last updated,https://www.nbastuffer.com/2022-2023-nba-referee-stats/
2022-23,playoffs,Nick Buchert,CREW,MALE,14,3,0,-7.3,213.3,34,0.422,0.578,-5.3,Stats last updated,https://www.nbastuffer.com/2022-2023-nba-referee-stats/
2022-23,playoffs,Pat Fraher,CHIEF,MALE,28,3,0.667,1.7,254.3,44.7,0.544,0.455,4,Stats last updated,https://www.nbastuffer.com/2022-2023-nba-referee-stats/
2022-23,playoffs,Pat Fraher,CREW,MALE,28,5,0.8,8.8,220.8,37.4,0.476,0.524,-1.8,Stats last updated,https://www.nbastuffer.com/2022-2023-nba-referee-stats/
2022-23,playoffs,Ray Acosta,CREW,MALE,6,1,1,6,222,42,0.548,0.452,4,Stats last updated,https://www.nbastuffer.com/2022-2023-nba-referee-stats/
2022-23,playoffs,Rodney Mott,CHIEF,MALE,28,4,0.75,19.5,214,35.8,0.489,0.51,-0.8,Stats last updated,https://www.nbastuffer.com/2022-2023-nba-referee-stats/
2022-23,playoffs,Scott Foster,CHIEF,MALE,29,13,0.538,-2.5,215.2,39.4,0.535,0.465,2.8,Stats last updated,https://www.nbastuffer.com/2022-2023-nba-referee-stats/
2022-23,playoffs,Scott Foster,CREW,MALE,29,2,0.5,-2.5,209.5,35,0.5,0.5,0,Stats last updated,https://www.nbastuffer.com/2022-2023-nba-referee-stats/
2022-23,playoffs,Scott Twardoski,CREW,MALE,14,1,1,20,178,35,0.514,0.486,1,Stats last updated,https://www.nbastuffer.com/2022-2023-nba-referee-stats/
2022-23,playoffs,Sean Corbin,CHIEF,MALE,30,3,0.667,6.7,214.7,41,0.512,0.488,1,Stats last updated,https://www.nbastuffer.com/2022-2023-nba-referee-stats/
2022-23,playoffs,Sean Corbin,CREW,MALE,30,1,1,40,210,33,0.515,0.485,1,Stats last updated,https://www.nbastuffer.com/2022-2023-nba-referee-stats/
2022-23,playoffs,Sean Wright,CHIEF,MALE,18,1,1,6,228,43,0.605,0.395,9,Stats last updated,https://www.nbastuffer.com/2022-2023-nba-referee-stats/
2022-23,playoffs,Sean Wright,CREW,MALE,18,4,0.5,0.8,217.8,43.5,0.575,0.425,6.5,Stats last updated,https://www.nbastuffer.com/2022-2023-nba-referee-stats/
2022-23,playoffs,Tony Brothers,CHIEF,MALE,29,13,0.462,3.2,217.2,37.5,0.488,0.513,-0.9,Stats last updated,https://www.nbastuffer.com/2022-2023-nba-referee-stats/
2022-23,playoffs,Tre Maddox,CREW,MALE,13,7,0.714,7.9,216.4,37.4,0.493,0.508,-0.6,Stats last updated,https://www.nbastuffer.com/2022-2023-nba-referee-stats/
2022-23,playoffs,Tyler Ford,CREW,MALE,9,4,0,-9.8,232.8,42.5,0.518,0.482,1.5,Stats last updated,https://www.nbastuffer.com/2022-2023-nba-referee-stats/
2022-23,playoffs,Zach Zarba,CHIEF,MALE,20,6,0.333,-0.5,232.8,43.3,0.485,0.516,-1.3,Stats last updated,https://www.nbastuffer.com/2022-2023-nba-referee-stats/
2022-23,playoffs,Zach Zarba,CREW,MALE,20,7,0.714,8,221.1,42.3,0.507,0.493,0.6,Stats last updated,https://www.nbastuffer.com/2022-2023-nba-referee-stats/
2021-22,regular_season,Ray Acosta,CREW,,5,64,0.438,-1.344,222.813,39.5,0.5032,0.4968,0.3,Stats last updated,https://www.nbastuffer.com/2021-2022-nba-referee-stats/
2021-22,regular_season,Jacyn Goble,CREW,,6,64,0.5,1.438,223.375,40.703,0.4956,0.5044,-0.4,Stats last updated,https://www.nbastuffer.com/2021-2022-nba-referee-stats/
2021-22,regular_season,Natalie Sago,CREW,,4,63,0.524,2.333,223.952,39.54,0.505,0.495,0.4,Stats last updated,https://www.nbastuffer.com/2021-2022-nba-referee-stats/
2021-22,regular_season,Mitchell Ervin,CREW,,8,63,0.492,-0.222,224.19,40.746,0.4986,0.5014,-0.1,Stats last updated,https://www.nbastuffer.com/2021-2022-nba-referee-stats/
2021-22,regular_season,JB DeRosa,CHIEF,,5,59,0.593,0.966,225.644,39.424,0.4983,0.5017,-0.1,Stats last updated,https://www.nbastuffer.com/2021-2022-nba-referee-stats/
2021-22,regular_season,Brandon Adair,CREW,,5,59,0.593,1.576,219.508,37.678,0.5137,0.4863,1,Stats last updated,https://www.nbastuffer.com/2021-2022-nba-referee-stats/
2021-22,regular_season,Justin Van Duyne,CREW,,9,58,0.517,0.379,219.207,40.017,0.4989,0.5011,-0.1,Stats last updated,https://www.nbastuffer.com/2021-2022-nba-referee-stats/
2021-22,regular_season,Dedric Taylor,CREW,,9,59,0.678,4.186,225.678,41.288,0.5115,0.4885,0.9,Stats last updated,https://www.nbastuffer.com/2021-2022-nba-referee-stats/
2021-22,regular_season,Gediminas Petraitis,CREW,,8,60,0.533,-0.15,226.083,40.933,0.5212,0.4788,1.7,Stats last updated,https://www.nbastuffer.com/2021-2022-nba-referee-stats/
2021-22,regular_season,Tyler Ford,CREW,,8,58,0.517,2.103,224.276,41.483,0.5075,0.4925,0.6,Stats last updated,https://www.nbastuffer.com/2021-2022-nba-referee-stats/
2021-22,regular_season,Tony Brothers,CHIEF,,28,59,0.542,1.475,221.678,40.339,0.5034,0.4966,0.3,Stats last updated,https://www.nbastuffer.com/2021-2022-nba-referee-stats/
2021-22,regular_season,Jonathan Sterling,CREW,,5,53,0.679,5.623,222.038,40.811,0.5007,0.4993,0.1,Stats last updated,https://www.nbastuffer.com/2021-2022-nba-referee-stats/
2021-22,regular_season,Nick Buchert,CREW,,13,51,0.51,0.157,218.706,37.392,0.4913,0.5087,-0.6,Stats last updated,https://www.nbastuffer.com/2021-2022-nba-referee-stats/
2021-22,regular_season,Lauren Holtkamp,CREW,,10,54,0.648,4.667,219.481,39.185,0.4976,0.5024,-0.2,Stats last updated,https://www.nbastuffer.com/2021-2022-nba-referee-stats/
2021-22,regular_season,Aaron Smith,CREW,,7,54,0.593,4.167,214.87,37.833,0.4978,0.5022,-0.2,Stats last updated,https://www.nbastuffer.com/2021-2022-nba-referee-stats/
2021-22,regular_season,Ben Taylor,CREW,,11,49,0.571,2.531,224.327,40.367,0.4975,0.5025,-0.2,Stats last updated,https://www.nbastuffer.com/2021-2022-nba-referee-stats/
2021-22,regular_season,Scott Twardoski,CREW,,13,51,0.569,1.784,218.333,39.118,0.5043,0.4957,0.3,Stats last updated,https://www.nbastuffer.com/2021-2022-nba-referee-stats/
2021-22,regular_season,Suyash Mehta,CREW,,3,47,0.574,2.915,221.468,39.723,0.4955,0.5046,-0.4,Stats last updated,https://www.nbastuffer.com/2021-2022-nba-referee-stats/
2021-22,regular_season,Phenizee Ransom,CREW,,6,47,0.553,1.596,217.894,40.617,0.494,0.506,-0.5,Stats last updated,https://www.nbastuffer.com/2021-2022-nba-referee-stats/
2021-22,regular_season,Andy Nagy,CREW,,3,48,0.521,-0.063,222.021,39.792,0.5005,0.4995,0,Stats last updated,https://www.nbastuffer.com/2021-2022-nba-referee-stats/
2021-22,regular_season,J.T. Orr,CREW,,13,53,0.547,0.321,217.377,38.736,0.4847,0.5153,-1.2,Stats last updated,https://www.nbastuffer.com/2021-2022-nba-referee-stats/
2021-22,regular_season,John Butler,CREW,,4,45,0.511,-0.844,222.044,39.689,0.495,0.505,-0.4,Stats last updated,https://www.nbastuffer.com/2021-2022-nba-referee-stats/
2021-22,regular_season,Karl Lane,CREW,,12,50,0.58,2.9,221.18,39.52,0.4878,0.5121,-1,Stats last updated,https://www.nbastuffer.com/2021-2022-nba-referee-stats/
2021-22,regular_season,James Capers,CHIEF,,27,50,0.66,5.82,219.06,39.66,0.4962,0.5038,-0.3,Stats last updated,https://www.nbastuffer.com/2021-2022-nba-referee-stats/
2021-22,regular_season,Brett Nansel,CREW,,8,49,0.531,0.429,224.755,39.51,0.5155,0.4845,1.2,Stats last updated,https://www.nbastuffer.com/2021-2022-nba-referee-stats/
2021-22,regular_season,Sean Wright,CHIEF,,17,44,0.545,2.614,219.659,43.477,0.5055,0.4945,0.5,Stats last updated,https://www.nbastuffer.com/2021-2022-nba-referee-stats/
2021-22,regular_season,Mousa Dagher,CREW,,4,44,0.591,3.318,223.636,41.773,0.4973,0.5027,-0.2,Stats last updated,https://www.nbastuffer.com/2021-2022-nba-referee-stats/
2021-22,regular_season,Kevin Cutler,CREW,,13,47,0.532,3.277,222.553,38.021,0.512,0.488,0.9,Stats last updated,https://www.nbastuffer.com/2021-2022-nba-referee-stats/
2021-22,regular_season,Marat Kogut,CREW,,13,46,0.413,-2.391,221.609,40.783,0.5085,0.4915,0.7,Stats last updated,https://www.nbastuffer.com/2021-2022-nba-referee-stats/
2021-22,regular_season,Bill Kennedy,CHIEF,,27,46,0.5,1.109,219.457,39.13,0.505,0.495,0.4,Stats last updated,https://www.nbastuffer.com/2021-2022-nba-referee-stats/
2021-22,regular_season,Matt Myers,CREW,,11,40,0.55,0.575,225.825,40.675,0.5101,0.4899,0.8,Stats last updated,https://www.nbastuffer.com/2021-2022-nba-referee-stats/
2021-22,regular_season,Derek Richardson,CHIEF,,27,40,0.45,-0.525,220.675,38.825,0.4984,0.5016,-0.1,Stats last updated,https://www.nbastuffer.com/2021-2022-nba-referee-stats/
2021-22,regular_season,David Guthrie,CHIEF,,17,40,0.5,-1.725,227.825,40.475,0.5028,0.4972,0.2,Stats last updated,https://www.nbastuffer.com/2021-2022-nba-referee-stats/
2021-22,regular_season,Marc Davis,CHIEF,,24,41,0.561,-0.366,220.073,37.073,0.5105,0.4895,0.8,Stats last updated,https://www.nbastuffer.com/2021-2022-nba-referee-stats/
2021-22,regular_season,Brent Barnaky,CREW,,13,43,0.512,2.349,218.721,36.233,0.4852,0.5148,-1.1,Stats last updated,https://www.nbastuffer.com/2021-2022-nba-referee-stats/
2021-22,regular_season,Evan Scott,CREW,,4,40,0.55,3.775,217.075,38.225,0.4892,0.5108,-0.8,Stats last updated,https://www.nbastuffer.com/2021-2022-nba-referee-stats/
2021-22,regular_season,Eric Lewis,CHIEF,,18,40,0.6,5.4,222.55,41.875,0.4931,0.5069,-0.6,Stats last updated,https://www.nbastuffer.com/2021-2022-nba-referee-stats/
2021-22,regular_season,Scott Foster,CHIEF,,28,40,0.55,0.925,220.925,39.075,0.4939,0.5061,-0.5,Stats last updated,https://www.nbastuffer.com/2021-2022-nba-referee-stats/
2021-22,regular_season,Jenna Schroeder,CREW,,3,37,0.432,0.973,221.676,37.405,0.5058,0.4942,0.4,Stats last updated,https://www.nbastuffer.com/2021-2022-nba-referee-stats/
2021-22,regular_season,Brandon Schwab,CREW,,2,39,0.513,3.615,220.179,38.538,0.5037,0.4963,0.3,Stats last updated,https://www.nbastuffer.com/2021-2022-nba-referee-stats/
2021-22,regular_season,James Williams,CREW,,13,41,0.537,1.415,221.805,38.146,0.5083,0.4917,0.6,Stats last updated,https://www.nbastuffer.com/2021-2022-nba-referee-stats/
2021-22,regular_season,Mark Lindsay,CREW,,15,42,0.619,4.357,221.071,38.19,0.4975,0.5025,-0.2,Stats last updated,https://www.nbastuffer.com/2021-2022-nba-referee-stats/
2021-22,regular_season,Ed Malloy,CHIEF,,20,40,0.475,-2.075,218.475,38.6,0.5071,0.4929,0.6,Stats last updated,https://www.nbastuffer.com/2021-2022-nba-referee-stats/
2021-22,regular_season,CJ Washington,CREW,,8,39,0.436,-0.487,218.538,37.667,0.4942,0.5058,-0.4,Stats last updated,https://www.nbastuffer.com/2021-2022-nba-referee-stats/
2021-22,regular_season,Derrick Collins,CHIEF,,23,39,0.615,2.41,221.282,38.051,0.498,0.502,-0.2,Stats last updated,https://www.nbastuffer.com/2021-2022-nba-referee-stats/
2021-22,regular_season,Curtis Blair,CREW,,14,39,0.615,2.385,213.769,38.154,0.5094,0.4906,0.7,Stats last updated,https://www.nbastuffer.com/2021-2022-nba-referee-stats/
2021-22,regular_season,Michael Smith,CHIEF,,29,40,0.625,5.8,219.55,40.425,0.4966,0.5034,-0.3,Stats last updated,https://www.nbastuffer.com/2021-2022-nba-referee-stats/
2021-22,regular_season,Eric Dalen,CREW,,14,38,0.553,1.684,218.421,36.263,0.5189,0.4811,1.4,Stats last updated,https://www.nbastuffer.com/2021-2022-nba-referee-stats/
2021-22,regular_season,Tom Washington,CHIEF,,31,39,0.487,-0.385,220.385,37.641,0.5232,0.4768,1.7,Stats last updated,https://www.nbastuffer.com/2021-2022-nba-referee-stats/
2021-22,regular_season,Zach Zarba,CHIEF,,19,37,0.514,1.432,223,36.676,0.5026,0.4974,0.2,Stats last updated,https://www.nbastuffer.com/2021-2022-nba-referee-stats/
2021-22,regular_season,Jason Goldenberg,CREW,,6,41,0.659,3.927,220.756,41.878,0.5073,0.4927,0.6,Stats last updated,https://www.nbastuffer.com/2021-2022-nba-referee-stats/
2021-22,regular_season,Courtney Kirkland,CHIEF,,23,34,0.588,2.029,216.676,39.559,0.5041,0.4959,0.3,Stats last updated,https://www.nbastuffer.com/2021-2022-nba-referee-stats/
2021-22,regular_season,Tre Maddox,CREW,,12,38,0.605,4.132,220.079,38.816,0.4908,0.5091,-0.7,Stats last updated,https://www.nbastuffer.com/2021-2022-nba-referee-stats/
2021-22,regular_season,Danielle Scott,CREW,,0,33,0.576,1.485,226.03,37.364,0.4882,0.5117,-0.9,Stats last updated,https://www.nbastuffer.com/2021-2022-nba-referee-stats/
2021-22,regular_season,Matt Boland,CHIEF,,23,32,0.563,1.531,219.469,37.906,0.4856,0.5144,-1.1,Stats last updated,https://www.nbastuffer.com/2021-2022-nba-referee-stats/
2021-22,regular_season,Leon Wood,CHIEF,,27,35,0.457,1.4,221.971,38.943,0.4916,0.5084,-0.7,Stats last updated,https://www.nbastuffer.com/2021-2022-nba-referee-stats/
2021-22,regular_season,Pat Fraher,CHIEF,,27,36,0.583,3.083,213.806,35.75,0.5136,0.4864,1,Stats last updated,https://www.nbastuffer.com/2021-2022-nba-referee-stats/
2021-22,regular_season,Brian Forte,CREW,,16,36,0.528,2.028,223.25,39.028,0.4975,0.5025,-0.2,Stats last updated,https://www.nbastuffer.com/2021-2022-nba-referee-stats/
2021-22,regular_season,Josh Tiven,CHIEF,,13,32,0.563,4.406,220.406,38.156,0.4922,0.5078,-0.6,Stats last updated,https://www.nbastuffer.com/2021-2022-nba-referee-stats/
2021-22,regular_season,Rodney Mott,CHIEF,,27,37,0.405,0.297,224.784,40.568,0.4897,0.5103,-0.8,Stats last updated,https://www.nbastuffer.com/2021-2022-nba-referee-stats/
2021-22,regular_season,Scott Wall,CHIEF,,27,36,0.528,1.472,221.917,38.25,0.4895,0.5105,-0.8,Stats last updated,https://www.nbastuffer.com/2021-2022-nba-referee-stats/
2021-22,regular_season,Sean Corbin,CHIEF,,29,26,0.462,0.462,213.846,38.423,0.5005,0.4995,0,Stats last updated,https://www.nbastuffer.com/2021-2022-nba-referee-stats/
2021-22,regular_season,John Conley,CREW,,3,29,0.621,4.414,220.552,39.276,0.4838,0.5162,-1.3,Stats last updated,https://www.nbastuffer.com/2021-2022-nba-referee-stats/
2021-22,regular_season,Bennie Adams,CHIEF,,27,31,0.645,4.161,217.71,38.516,0.4941,0.5059,-0.5,Stats last updated,https://www.nbastuffer.com/2021-2022-nba-referee-stats/
2021-22,regular_season,Josh Tiven,CREW,,13,31,0.484,-3.516,225.968,37.645,0.5056,0.4944,0.4,Stats last updated,https://www.nbastuffer.com/2021-2022-nba-referee-stats/
2021-22,regular_season,Brian Forte,CHIEF,,16,25,0.36,-5.28,217.76,39.68,0.495,0.505,-0.4,Stats last updated,https://www.nbastuffer.com/2021-2022-nba-referee-stats/
2021-22,regular_season,Kevin Scott,CREW,,12,28,0.607,3.571,221.929,38.393,0.5014,0.4986,0.1,Stats last updated,https://www.nbastuffer.com/2021-2022-nba-referee-stats/
2021-22,regular_season,John Goble,CHIEF,,15,27,0.519,1.519,220.556,38.185,0.5015,0.4985,0.1,Stats last updated,https://www.nbastuffer.com/2021-2022-nba-referee-stats/
2021-22,regular_season,Pat Fraher,CREW,,27,24,0.458,-3.583,223.083,37.625,0.515,0.4851,1.1,Stats last updated,https://www.nbastuffer.com/2021-2022-nba-referee-stats/
2021-22,regular_season,Nate Green,CREW,,4,28,0.536,0.964,218.75,38.071,0.5103,0.4897,0.8,Stats last updated,https://www.nbastuffer.com/2021-2022-nba-referee-stats/
2021-22,regular_season,Mark Lindsay,CHIEF,,15,21,0.524,0.952,225.143,40.81,0.5216,0.4784,1.8,Stats last updated,https://www.nbastuffer.com/2021-2022-nba-referee-stats/
2021-22,regular_season,Kane Fitzgerald,CREW,,13,26,0.731,7.462,223.154,38.269,0.4744,0.5256,-2,Stats last updated,https://www.nbastuffer.com/2021-2022-nba-referee-stats/
2021-22,regular_season,Matt Boland,CREW,,23,23,0.435,1.304,216.609,39.783,0.4973,0.5027,-0.2,Stats last updated,https://www.nbastuffer.com/2021-2022-nba-referee-stats/
2021-22,regular_season,Kane Fitzgerald,CHIEF,,13,22,0.818,9.773,222.591,40.955,0.5128,0.4872,1,Stats last updated,https://www.nbastuffer.com/2021-2022-nba-referee-stats/
2021-22,regular_season,Brent Barnaky,CHIEF,,13,21,0.381,-1.238,225.143,40.524,0.4689,0.5311,-2.5,Stats last updated,https://www.nbastuffer.com/2021-2022-nba-referee-stats/
2021-22,regular_season,Zach Zarba,CREW,,19,23,0.652,6.435,223.217,37.522,0.5145,0.4855,1.1,Stats last updated,https://www.nbastuffer.com/2021-2022-nba-referee-stats/
2021-22,regular_season,Curtis Blair,CHIEF,,14,22,0.5,1.545,224.091,39.682,0.5006,0.4994,0,Stats last updated,https://www.nbastuffer.com/2021-2022-nba-referee-stats/
2021-22,regular_season,Courtney Kirkland,CREW,,23,21,0.524,2.333,220.143,39.714,0.4964,0.5036,-0.3,Stats last updated,https://www.nbastuffer.com/2021-2022-nba-referee-stats/
2021-22,regular_season,Derrick Collins,CREW,,23,19,0.421,0.842,224.632,40.316,0.4948,0.5052,-0.4,Stats last updated,https://www.nbastuffer.com/2021-2022-nba-referee-stats/
2021-22,regular_season,James Williams,CHIEF,,13,19,0.684,3.158,227.158,41.632,0.4892,0.5107,-0.9,Stats last updated,https://www.nbastuffer.com/2021-2022-nba-referee-stats/
2021-22,regular_season,Tre Maddox,CHIEF,,12,16,0.438,-0.688,224.688,38.188,0.4943,0.5057,-0.4,Stats last updated,https://www.nbastuffer.com/2021-2022-nba-referee-stats/
2021-22,regular_season,David Guthrie,CREW,,17,18,0.5,0.278,223.167,39.278,0.5106,0.4894,0.8,Stats last updated,https://www.nbastuffer.com/2021-2022-nba-referee-stats/
2021-22,regular_season,John Goble,CREW,,15,19,0.474,2.263,218.263,37.474,0.4845,0.5154,-1.2,Stats last updated,https://www.nbastuffer.com/2021-2022-nba-referee-stats/
2021-22,regular_season,Ben Taylor,CHIEF,,11,17,0.471,2.294,225.941,39.471,0.5112,0.4888,0.9,Stats last updated,https://www.nbastuffer.com/2021-2022-nba-referee-stats/
2021-22,regular_season,Kevin Scott,CHIEF,,12,15,0.533,4.333,220.467,40.8,0.5016,0.4984,0.1,Stats last updated,https://www.nbastuffer.com/2021-2022-nba-referee-stats/
2021-22,regular_season,Michael Smith,CREW,,29,16,0.688,4.438,210.313,41.25,0.4909,0.5091,-0.8,Stats last updated,https://www.nbastuffer.com/2021-2022-nba-referee-stats/
2021-22,regular_season,Eric Lewis,CREW,,18,18,0.556,3.278,226.056,40.722,0.4789,0.5212,-1.7,Stats last updated,https://www.nbastuffer.com/2021-2022-nba-referee-stats/
2021-22,regular_season,Leon Wood,CREW,,27,17,0.471,0,226.471,38.706,0.4939,0.5061,-0.5,Stats last updated,https://www.nbastuffer.com/2021-2022-nba-referee-stats/
2021-22,regular_season,Bennie Adams,CREW,,27,15,0.467,0.733,218.6,39.933,0.5075,0.4925,0.6,Stats last updated,https://www.nbastuffer.com/2021-2022-nba-referee-stats/
2021-22,regular_season,Marc Davis,CREW,,24,15,0.533,3.533,226.467,35.867,0.4963,0.5037,-0.3,Stats last updated,https://www.nbastuffer.com/2021-2022-nba-referee-stats/
2021-22,regular_season,Sean Wright,CREW,,17,19,0.368,-6.842,228.316,39.579,0.4747,0.5253,-2,Stats last updated,https://www.nbastuffer.com/2021-2022-nba-referee-stats/
2021-22,regular_season,Cheryl Flores,CREW,,1,12,0.25,-5.417,226.75,42.75,0.46,0.54,-3.4,Stats last updated,https://www.nbastuffer.com/2021-2022-nba-referee-stats/
2021-22,regular_season,Dannica Mosher,CREW,,2,12,0.75,6.25,199.417,37.417,0.4966,0.5033,-0.3,Stats last updated,https://www.nbastuffer.com/2021-2022-nba-referee-stats/
2021-22,regular_season,Jenna Reneau,CREW,,1,12,0.583,4.167,218.333,39.667,0.5315,0.4685,2.5,Stats last updated,https://www.nbastuffer.com/2021-2022-nba-referee-stats/
2021-22,regular_season,Jamahl Ralls,CREW,,1,12,0.333,-5.75,216.583,36.417,0.4943,0.5057,-0.4,Stats last updated,https://www.nbastuffer.com/2021-2022-nba-referee-stats/
2021-22,regular_season,Kevin Cutler,CHIEF,,13,14,0.571,1.714,219.714,39.071,0.5064,0.4936,0.5,Stats last updated,https://www.nbastuffer.com/2021-2022-nba-referee-stats/
2021-22,regular_season,Bill Kennedy,CREW,,27,14,0.643,3.714,219.857,41.286,0.4896,0.5104,-0.9,Stats last updated,https://www.nbastuffer.com/2021-2022-nba-referee-stats/
2021-22,regular_season,Ed Malloy,CREW,,20,14,0.643,3.214,220.929,42.357,0.5042,0.4958,0.4,Stats last updated,https://www.nbastuffer.com/2021-2022-nba-referee-stats/
2021-22,regular_season,Derek Richardson,CREW,,27,15,0.4,-2.4,224.8,38,0.4877,0.5123,-0.9,Stats last updated,https://www.nbastuffer.com/2021-2022-nba-referee-stats/
2021-22,regular_season,Scott Wall,CREW,,27,11,0.455,2.182,225.455,40.636,0.5101,0.4899,0.8,Stats last updated,https://www.nbastuffer.com/2021-2022-nba-referee-stats/
2021-22,regular_season,Matt Kallio,CREW,,1,10,0.3,-2.3,218.5,37.5,0.48,0.52,-1.5,Stats last updated,https://www.nbastuffer.com/2021-2022-nba-referee-stats/
2021-22,regular_season,Robert Hussey,CREW,,2,10,0.4,-2.4,226.4,36.2,0.5083,0.4917,0.6,Stats last updated,https://www.nbastuffer.com/2021-2022-nba-referee-stats/
2021-22,regular_season,Tom Washington,CREW,,31,12,0.583,6.5,207.833,38.75,0.4839,0.5161,-1.3,Stats last updated,https://www.nbastuffer.com/2021-2022-nba-referee-stats/
2021-22,regular_season,Tyler Ricks,CREW,,1,9,0.667,5.333,210,34.667,0.5064,0.4936,0.4,Stats last updated,https://www.nbastuffer.com/2021-2022-nba-referee-stats/
2021-22,regular_season,Tyler Ford,CHIEF,,8,9,0.778,7.111,221.111,39.667,0.5378,0.4622,3,Stats last updated,https://www.nbastuffer.com/2021-2022-nba-referee-stats/
2021-22,regular_season,Blanca Burns,CREW,,1,8,0.25,-7.875,223.125,41.125,0.5046,0.4954,0.4,Stats last updated,https://www.nbastuffer.com/2021-2022-nba-referee-stats/
2021-22,regular_season,Nick Buchert,CHIEF,,13,13,0.692,3.538,214.769,37.692,0.5286,0.4714,2.2,Stats last updated,https://www.nbastuffer.com/2021-2022-nba-referee-stats/
2021-22,regular_season,Karl Lane,CHIEF,,12,11,0.545,-0.636,225.364,39.364,0.5058,0.4942,0.5,Stats last updated,https://www.nbastuffer.com/2021-2022-nba-referee-stats/
2021-22,regular_season,Marat Kogut,CHIEF,,13,8,0.5,-2.625,218.375,41,0.497,0.503,-0.3,Stats last updated,https://www.nbastuffer.com/2021-2022-nba-referee-stats/
2021-22,regular_season,Brent Haskill,CREW,,1,5,0.4,-2,216.4,39.4,0.5228,0.4772,1.8,Stats last updated,https://www.nbastuffer.com/2021-2022-nba-referee-stats/
2021-22,regular_season,Rodney Mott,CREW,,27,4,0.5,-6,214.5,38.5,0.539,0.461,3,Stats last updated,https://www.nbastuffer.com/2021-2022-nba-referee-stats/
2021-22,regular_season,Sha'Rae Mitchell,CREW,,1,4,0.75,3.75,218.75,43.5,0.5115,0.4885,1,Stats last updated,https://www.nbastuffer.com/2021-2022-nba-referee-stats/
2021-22,regular_season,Eric Dalen,CHIEF,,14,7,0.571,6.143,235,36.143,0.4466,0.5534,-3.9,Stats last updated,https://www.nbastuffer.com/2021-2022-nba-referee-stats/
2021-22,regular_season,Brett Nansel,CHIEF,,8,3,0.667,4.667,225.333,36,0.4815,0.5185,-1.3,Stats last updated,https://www.nbastuffer.com/2021-2022-nba-referee-stats/
2021-22,regular_season,Sean Corbin,CREW,,29,3,0.667,4,215.333,35,0.4857,0.5143,-1,Stats last updated,https://www.nbastuffer.com/2021-2022-nba-referee-stats/
2021-22,regular_season,Pat O'Connell,CREW,,1,3,0.667,7,195.667,34,0.4902,0.5098,-0.7,Stats last updated,https://www.nbastuffer.com/2021-2022-nba-referee-stats/
2021-22,regular_season,Clare Aubry,CREW,,1,3,0,-14.333,233.667,42.667,0.4453,0.5547,-4.7,Stats last updated,https://www.nbastuffer.com/2021-2022-nba-referee-stats/
2021-22,regular_season,Scott Foster,CREW,,28,3,1,12.333,203,33.667,0.4257,0.5742,-5,Stats last updated,https://www.nbastuffer.com/2021-2022-nba-referee-stats/
2021-22,regular_season,JB DeRosa,CREW,,5,5,0.8,6.8,203.2,37.6,0.4947,0.5053,-0.4,Stats last updated,https://www.nbastuffer.com/2021-2022-nba-referee-stats/
2021-22,regular_season,Scott Twardoski,CHIEF,,13,2,0,-10,238,53,0.5,0.5,0,Stats last updated,https://www.nbastuffer.com/2021-2022-nba-referee-stats/
2021-22,regular_season,J.T. Orr,CHIEF,,13,2,1,12.5,261.5,40,0.4875,0.5125,-1,Stats last updated,https://www.nbastuffer.com/2021-2022-nba-referee-stats/
2021-22,regular_season,Matt Myers,CHIEF,,11,1,0,-7,205,35,0.4571,0.5429,-3,Stats last updated,https://www.nbastuffer.com/2021-2022-nba-referee-stats/
2021-22,regular_season,Lauren Holtkamp,CHIEF,,10,1,1,17,225,38,0.5263,0.4737,2,Stats last updated,https://www.nbastuffer.com/2021-2022-nba-referee-stats/
2021-22,regular_season,Mitchell Ervin,CHIEF,,8,1,0,-18,212,39,0.4872,0.5128,-1,Stats last updated,https://www.nbastuffer.com/2021-2022-nba-referee-stats/
2021-22,regular_season,Isaac Barnett,CREW,,1,1,0,-8,250,39,0.5128,0.4872,1,Stats last updated,https://www.nbastuffer.com/2021-2022-nba-referee-stats/
2021-22,regular_season,Tyler Mirkovich,CREW,,1,1,1,15,231,39,0.5385,0.4615,3,Stats last updated,https://www.nbastuffer.com/2021-2022-nba-referee-stats/
2021-22,regular_season,Simone Jelks,CREW,,3,1,1,18,230,47,0.5319,0.4681,3,Stats last updated,https://www.nbastuffer.com/2021-2022-nba-referee-stats/
2021-22,regular_season,Tony Brothers,CREW,,28,1,1,35,253,58,0.5172,0.4828,2,Stats last updated,https://www.nbastuffer.com/2021-2022-nba-referee-stats/
2021-22,regular_season,Ashley Moyer-Gleich,CREW,,4,4,0.75,2,240.5,46.25,0.5189,0.4811,1.8,Stats last updated,https://www.nbastuffer.com/2021-2022-nba-referee-stats/
2021-22,playoffs,Jacyn Goble,CREW,,6,4,0.75,11,216.5,45.75,0.5628,0.4372,5.8,Stats last updated,https://www.nbastuffer.com/2021-2022-nba-referee-stats/
2021-22,playoffs,Mitchell Ervin,CREW,,8,4,1,10.25,216.25,49.5,0.4899,0.5101,-1,Stats last updated,https://www.nbastuffer.com/2021-2022-nba-referee-stats/
2021-22,playoffs,JB DeRosa,CHIEF,,5,3,0.667,0,217.333,44.333,0.5639,0.4361,5.7,Stats last updated,https://www.nbastuffer.com/2021-2022-nba-referee-stats/
2021-22,playoffs,Justin Van Duyne,CREW,,9,1,0,-3,205,42,0.5,0.5,0,Stats last updated,https://www.nbastuffer.com/2021-2022-nba-referee-stats/
2021-22,playoffs,Gediminas Petraitis,CREW,,8,3,0.333,-7.667,222.333,44.333,0.579,0.4211,7,Stats last updated,https://www.nbastuffer.com/2021-2022-nba-referee-stats/
2021-22,playoffs,Tyler Ford,CREW,,8,8,0.5,2.75,210,44,0.5312,0.4688,2.8,Stats last updated,https://www.nbastuffer.com/2021-2022-nba-referee-stats/
2021-22,playoffs,Tony Brothers,CHIEF,,28,11,0.636,6.636,213,42.364,0.5043,0.4957,0.4,Stats last updated,https://www.nbastuffer.com/2021-2022-nba-referee-stats/
2021-22,playoffs,Nick Buchert,CREW,,13,2,0.5,1,232,55,0.5273,0.4727,3,Stats last updated,https://www.nbastuffer.com/2021-2022-nba-referee-stats/
2021-22,playoffs,Ben Taylor,CREW,,11,6,0.667,5.833,212.167,43.833,0.4791,0.5209,-1.8,Stats last updated,https://www.nbastuffer.com/2021-2022-nba-referee-stats/
2021-22,playoffs,Scott Twardoski,CREW,,13,1,0,-9,199,48,0.4167,0.5833,-8,Stats last updated,https://www.nbastuffer.com/2021-2022-nba-referee-stats/
2021-22,playoffs,Karl Lane,CREW,,12,3,0.667,4,206.667,40,0.4833,0.5167,-1.3,Stats last updated,https://www.nbastuffer.com/2021-2022-nba-referee-stats/
2021-22,playoffs,James Capers,CHIEF,,27,12,0.5,6.5,199.167,43.333,0.5077,0.4923,0.7,Stats last updated,https://www.nbastuffer.com/2021-2022-nba-referee-stats/
2021-22,playoffs,Kevin Cutler,CREW,,13,3,1,17,227.667,44.333,0.5639,0.4361,5.7,Stats last updated,https://www.nbastuffer.com/2021-2022-nba-referee-stats/
2021-22,playoffs,Bill Kennedy,CHIEF,,27,5,0.6,-6,225.2,43.4,0.5207,0.4793,1.8,Stats last updated,https://www.nbastuffer.com/2021-2022-nba-referee-stats/
2021-22,playoffs,David Guthrie,CHIEF,,17,1,0,-9,189,28,0.4286,0.5714,-4,Stats last updated,https://www.nbastuffer.com/2021-2022-nba-referee-stats/
2021-22,playoffs,Marc Davis,CHIEF,,24,10,0.4,-2.7,204.7,37.1,0.5094,0.4906,0.7,Stats last updated,https://www.nbastuffer.com/2021-2022-nba-referee-stats/
2021-22,playoffs,Brent Barnaky,CREW,,13,3,0.333,-5.333,210,44.667,0.4627,0.5373,-3.3,Stats last updated,https://www.nbastuffer.com/2021-2022-nba-referee-stats/
2021-22,playoffs,Eric Lewis,CHIEF,,18,5,0.6,-2,218,45,0.4711,0.5289,-2.6,Stats last updated,https://www.nbastuffer.com/2021-2022-nba-referee-stats/
2021-22,playoffs,Scott Foster,CHIEF,,28,11,0.727,6.818,214.273,42.909,0.5275,0.4725,2.4,Stats last updated,https://www.nbastuffer.com/2021-2022-nba-referee-stats/
2021-22,playoffs,James Williams,CREW,,13,9,0.556,6,215.111,40.222,0.5304,0.4696,2.4,Stats last updated,https://www.nbastuffer.com/2021-2022-nba-referee-stats/
2021-22,playoffs,Mark Lindsay,CREW,,15,9,0.444,3.889,208.333,39.111,0.4943,0.5057,-0.4,Stats last updated,https://www.nbastuffer.com/2021-2022-nba-referee-stats/
2021-22,playoffs,Curtis Blair,CREW,,14,6,0.167,-9.167,212.5,41.667,0.472,0.528,-2.3,Stats last updated,https://www.nbastuffer.com/2021-2022-nba-referee-stats/
2021-22,playoffs,Michael Smith,CHIEF,,29,1,1,1,199,50,0.58,0.42,8,Stats last updated,https://www.nbastuffer.com/2021-2022-nba-referee-stats/
2021-22,playoffs,Eric Dalen,CREW,,14,3,0.667,5.667,216.333,50.333,0.5298,0.4702,3,Stats last updated,https://www.nbastuffer.com/2021-2022-nba-referee-stats/
2021-22,playoffs,Tom Washington,CHIEF,,31,4,0.75,12,220,47.75,0.555,0.445,5.3,Stats last updated,https://www.nbastuffer.com/2021-2022-nba-referee-stats/
2021-22,playoffs,Zach Zarba,CHIEF,,19,4,0.5,5.5,216.5,43,0.5058,0.4942,0.5,Stats last updated,https://www.nbastuffer.com/2021-2022-nba-referee-stats/
2021-22,playoffs,Courtney Kirkland,CHIEF,,23,7,0.571,5.286,216.143,45.571,0.4796,0.5204,-1.9,Stats last updated,https://www.nbastuffer.com/2021-2022-nba-referee-stats/
2021-22,playoffs,Tre Maddox,CREW,,12,4,0.5,3,217,43.25,0.4798,0.5202,-1.8,Stats last updated,https://www.nbastuffer.com/2021-2022-nba-referee-stats/
2021-22,playoffs,Pat Fraher,CHIEF,,27,2,1,3.5,225.5,52.5,0.4571,0.5429,-4.5,Stats last updated,https://www.nbastuffer.com/2021-2022-nba-referee-stats/
2021-22,playoffs,Brian Forte,CREW,,17,4,0.75,-2.25,214.75,42.25,0.4852,0.5148,-1.3,Stats last updated,https://www.nbastuffer.com/2021-2022-nba-referee-stats/
2021-22,playoffs,Josh Tiven,CHIEF,,13,1,1,14,206,29,0.4138,0.5862,-5,Stats last updated,https://www.nbastuffer.com/2021-2022-nba-referee-stats/
2021-22,playoffs,Rodney Mott,CHIEF,,27,2,1,5,213,41.5,0.4819,0.5181,-1.5,Stats last updated,https://www.nbastuffer.com/2021-2022-nba-referee-stats/
2021-22,playoffs,Josh Tiven,CREW,,13,11,0.545,1.182,206.091,40.727,0.4777,0.5223,-1.8,Stats last updated,https://www.nbastuffer.com/2021-2022-nba-referee-stats/
2021-22,playoffs,John Goble,CHIEF,,15,3,0.333,-4.333,218.333,49,0.5306,0.4694,3,Stats last updated,https://www.nbastuffer.com/2021-2022-nba-referee-stats/
2021-22,playoffs,Pat Fraher,CREW,,27,4,0.25,0.25,202.25,40,0.5625,0.4375,5,Stats last updated,https://www.nbastuffer.com/2021-2022-nba-referee-stats/
2021-22,playoffs,Kane Fitzgerald,CREW,,13,11,0.727,9.273,214.545,41.727,0.5294,0.4706,2.5,Stats last updated,https://www.nbastuffer.com/2021-2022-nba-referee-stats/
2021-22,playoffs,Kane Fitzgerald,CHIEF,,13,2,0.5,17,219,38,0.579,0.421,6,Stats last updated,https://www.nbastuffer.com/2021-2022-nba-referee-stats/
2021-22,playoffs,Zach Zarba,CREW,,19,12,0.75,2.25,219.417,45.667,0.4982,0.5018,-0.2,Stats last updated,https://www.nbastuffer.com/2021-2022-nba-referee-stats/
2021-22,playoffs,Curtis Blair,CHIEF,,14,3,0.667,8.667,222.667,42.667,0.5469,0.4531,4,Stats last updated,https://www.nbastuffer.com/2021-2022-nba-referee-stats/
2021-22,playoffs,Courtney Kirkland,CREW,,23,4,0.75,15,208.5,42.75,0.5146,0.4854,1.3,Stats last updated,https://www.nbastuffer.com/2021-2022-nba-referee-stats/
2021-22,playoffs,Derrick Collins,CREW,,23,1,0,-4,228,51,0.549,0.451,5,Stats last updated,https://www.nbastuffer.com/2021-2022-nba-referee-stats/
2021-22,playoffs,David Guthrie,CREW,,17,14,0.5,3.143,213.714,42.429,0.5151,0.4848,1.3,Stats last updated,https://www.nbastuffer.com/2021-2022-nba-referee-stats/
2021-22,playoffs,John Goble,CREW,,15,10,0.6,-0.1,207.1,37.3,0.5094,0.4906,0.7,Stats last updated,https://www.nbastuffer.com/2021-2022-nba-referee-stats/
2021-22,playoffs,Michael Smith,CREW,,29,1,1,7,179,43,0.5116,0.4884,1,Stats last updated,https://www.nbastuffer.com/2021-2022-nba-referee-stats/
2021-22,playoffs,Eric Lewis,CREW,,18,5,0.6,-0.8,214,45.8,0.5109,0.4891,1,Stats last updated,https://www.nbastuffer.com/2021-2022-nba-referee-stats/
2021-22,playoffs,Marc Davis,CREW,,24,3,1,11.333,205.333,40.333,0.4793,0.5207,-1.7,Stats last updated,https://www.nbastuffer.com/2021-2022-nba-referee-stats/
2021-22,playoffs,Sean Wright,CREW,,17,8,0.5,0.75,211.5,42.75,0.5059,0.4941,0.5,Stats last updated,https://www.nbastuffer.com/2021-2022-nba-referee-stats/
2021-22,playoffs,Bill Kennedy,CREW,,27,2,1,20,233,48,0.5833,0.4167,8,Stats last updated,https://www.nbastuffer.com/2021-2022-nba-referee-stats/
2021-22,playoffs,Ed Malloy,CREW,,20,7,0.857,10.857,206.857,45.286,0.5047,0.4953,0.4,Stats last updated,https://www.nbastuffer.com/2021-2022-nba-referee-stats/
2021-22,playoffs,Rodney Mott,CREW,,27,2,1,12,214,38.5,0.5714,0.4286,5.5,Stats last updated,https://www.nbastuffer.com/2021-2022-nba-referee-stats/
2021-22,playoffs,Scott Foster,CREW,,28,2,0,-7.5,217.5,41,0.561,0.439,5,Stats last updated,https://www.nbastuffer.com/2021-2022-nba-referee-stats/
2021-22,playoffs,JB DeRosa,CREW,,5,1,1,15,209,42,0.5714,0.4286,6,Stats last updated,https://www.nbastuffer.com/2021-2022-nba-referee-stats/
2021-22,playoffs,James Capers,CREW,,27,3,0.667,12.333,213.667,46,0.5435,0.4565,4,Stats last updated,https://www.nbastuffer.com/2021-2022-nba-referee-stats/
2020-21,regular_season,Dedric Taylor,CREW,,8,54,0.463,-1.056,231.648,39.407,0.508,0.492,0.6,Stats last updated,https://www.nbastuffer.com/2020-2021-nba-referee-stats/
2020-21,regular_season,Aaron Smith,CREW,,6,54,0.593,0.315,223.315,37.019,0.5002,0.4997,0,Stats last updated,https://www.nbastuffer.com/2020-2021-nba-referee-stats/
2020-21,regular_season,James Capers,CHIEF,,26,52,0.519,3.731,223.5,37.481,0.4915,0.5085,-0.6,Stats last updated,https://www.nbastuffer.com/2020-2021-nba-referee-stats/
2020-21,regular_season,Gediminas Petraitis,CREW,,7,51,0.451,-1.196,225.706,40.333,0.5041,0.4959,0.3,Stats last updated,https://www.nbastuffer.com/2020-2021-nba-referee-stats/
2020-21,regular_season,Justin Van Duyne,CREW,,8,50,0.64,2.56,222.36,38.14,0.5155,0.4845,1.2,Stats last updated,https://www.nbastuffer.com/2020-2021-nba-referee-stats/
2020-21,regular_season,Mitchell Ervin,CREW,,7,49,0.551,1.143,222.898,40.204,0.4949,0.5051,-0.4,Stats last updated,https://www.nbastuffer.com/2020-2021-nba-referee-stats/
2020-21,regular_season,Tony Brothers,CHIEF,,27,47,0.489,-1.511,220.489,39.511,0.5143,0.4857,1.1,Stats last updated,https://www.nbastuffer.com/2020-2021-nba-referee-stats/
2020-21,regular_season,Karl Lane,CREW,,11,47,0.638,2.277,224.064,38.723,0.4973,0.5028,-0.2,Stats last updated,https://www.nbastuffer.com/2020-2021-nba-referee-stats/
2020-21,regular_season,JB DeRosa,CHIEF,,4,47,0.574,1.894,228.574,39.638,0.496,0.504,-0.3,Stats last updated,https://www.nbastuffer.com/2020-2021-nba-referee-stats/
2020-21,regular_season,Rodney Mott,CHIEF,,26,46,0.543,2.565,225.087,39.261,0.4839,0.5161,-1.3,Stats last updated,https://www.nbastuffer.com/2020-2021-nba-referee-stats/
2020-21,regular_season,Scott Twardoski,CREW,,12,45,0.578,1.889,219.578,40.133,0.5116,0.4884,0.9,Stats last updated,https://www.nbastuffer.com/2020-2021-nba-referee-stats/
2020-21,regular_season,Natalie Sago,CREW,,3,45,0.556,2.644,223.444,38.8,0.5046,0.4954,0.4,Stats last updated,https://www.nbastuffer.com/2020-2021-nba-referee-stats/
2020-21,regular_season,Marc Davis,CHIEF,,23,46,0.652,1.087,220.391,34.5,0.5054,0.4946,0.4,Stats last updated,https://www.nbastuffer.com/2020-2021-nba-referee-stats/
2020-21,regular_season,Ashley Moyer-Gleich,CREW,,3,45,0.489,1.156,224.222,38.356,0.4861,0.5139,-1.1,Stats last updated,https://www.nbastuffer.com/2020-2021-nba-referee-stats/
2020-21,regular_season,Marat Kogut,CREW,,12,46,0.435,-3.435,224.087,40.522,0.5247,0.4753,2,Stats last updated,https://www.nbastuffer.com/2020-2021-nba-referee-stats/
2020-21,regular_season,Jacyn Goble,CREW,,5,45,0.556,1.644,224.8,40.2,0.5086,0.4914,0.7,Stats last updated,https://www.nbastuffer.com/2020-2021-nba-referee-stats/
2020-21,regular_season,Eric Dalen,CREW,,13,45,0.556,1.667,222.289,37.822,0.5053,0.4947,0.4,Stats last updated,https://www.nbastuffer.com/2020-2021-nba-referee-stats/
2020-21,regular_season,Ken Mauer,CHIEF,,33,44,0.614,1.295,221.341,38.227,0.5107,0.4893,0.8,Stats last updated,https://www.nbastuffer.com/2020-2021-nba-referee-stats/
2020-21,regular_season,Jonathan Sterling,CREW,,4,44,0.659,3.341,223.614,39.318,0.5168,0.4832,1.3,Stats last updated,https://www.nbastuffer.com/2020-2021-nba-referee-stats/
2020-21,regular_season,Nate Green,CREW,,3,44,0.545,-0.045,223.545,36.659,0.5028,0.4972,0.2,Stats last updated,https://www.nbastuffer.com/2020-2021-nba-referee-stats/
2020-21,regular_season,Brandon Adair,CREW,,4,43,0.488,-3.442,221.721,37.163,0.5031,0.4969,0.2,Stats last updated,https://www.nbastuffer.com/2020-2021-nba-referee-stats/
2020-21,regular_season,Sean Corbin,CHIEF,,28,43,0.558,0.442,228.023,37.953,0.5018,0.4982,0.1,Stats last updated,https://www.nbastuffer.com/2020-2021-nba-referee-stats/
2020-21,regular_season,Nick Buchert,CREW,,12,42,0.548,1.929,219.167,37.762,0.4931,0.5069,-0.5,Stats last updated,https://www.nbastuffer.com/2020-2021-nba-referee-stats/
2020-21,regular_season,Tyler Ford,CREW,,7,42,0.5,1.619,225.238,39.595,0.5159,0.4841,1.3,Stats last updated,https://www.nbastuffer.com/2020-2021-nba-referee-stats/
2020-21,regular_season,Mousa Dagher,CREW,,3,42,0.405,-2.238,224.667,37.667,0.5038,0.4962,0.3,Stats last updated,https://www.nbastuffer.com/2020-2021-nba-referee-stats/
2020-21,regular_season,John Butler,CREW,,3,39,0.641,4.333,225.051,39.385,0.5032,0.4967,0.3,Stats last updated,https://www.nbastuffer.com/2020-2021-nba-referee-stats/
2020-21,regular_season,Brent Barnaky,CREW,,12,39,0.436,-3.128,222.051,38.615,0.512,0.488,0.9,Stats last updated,https://www.nbastuffer.com/2020-2021-nba-referee-stats/
2020-21,regular_season,Ray Acosta,CREW,,4,40,0.625,3.975,219.825,37.475,0.493,0.507,-0.5,Stats last updated,https://www.nbastuffer.com/2020-2021-nba-referee-stats/
2020-21,regular_season,Phenizee Ransom,CREW,,5,39,0.59,1.051,225.718,38.846,0.4997,0.5003,0,Stats last updated,https://www.nbastuffer.com/2020-2021-nba-referee-stats/
2020-21,regular_season,Josh Tiven,CREW,,12,38,0.5,-1.026,223.026,37.342,0.5137,0.4863,1,Stats last updated,https://www.nbastuffer.com/2020-2021-nba-referee-stats/
2020-21,regular_season,Ben Taylor,CREW,,10,39,0.564,1.513,222.231,39.667,0.4938,0.5061,-0.5,Stats last updated,https://www.nbastuffer.com/2020-2021-nba-referee-stats/
2020-21,regular_season,Andy Nagy,CREW,,2,40,0.3,-6,223.65,38.025,0.503,0.497,0.2,Stats last updated,https://www.nbastuffer.com/2020-2021-nba-referee-stats/
2020-21,regular_season,Jenna Schroeder,CREW,,2,38,0.395,-1.842,222.579,37.211,0.5021,0.4979,0.2,Stats last updated,https://www.nbastuffer.com/2020-2021-nba-referee-stats/
2020-21,regular_season,Scott Foster,CHIEF,,27,38,0.553,3.684,227.053,40.842,0.4929,0.5071,-0.6,Stats last updated,https://www.nbastuffer.com/2020-2021-nba-referee-stats/
2020-21,regular_season,CJ Washington,CREW,,7,38,0.553,1.526,226.158,39.789,0.504,0.496,0.3,Stats last updated,https://www.nbastuffer.com/2020-2021-nba-referee-stats/
2020-21,regular_season,Jason Goldenberg,CREW,,5,37,0.73,4.243,222.784,38.541,0.5161,0.4839,1.2,Stats last updated,https://www.nbastuffer.com/2020-2021-nba-referee-stats/
2020-21,regular_season,Evan Scott,CREW,,3,36,0.583,2.167,228.556,38.694,0.4939,0.5061,-0.5,Stats last updated,https://www.nbastuffer.com/2020-2021-nba-referee-stats/
2020-21,regular_season,Kevin Scott,CREW,,11,35,0.543,2.143,228.829,38.343,0.5074,0.4926,0.6,Stats last updated,https://www.nbastuffer.com/2020-2021-nba-referee-stats/
2020-21,regular_season,Brian Forte,CREW,,16,34,0.529,1.529,226.765,38.941,0.5068,0.4932,0.5,Stats last updated,https://www.nbastuffer.com/2020-2021-nba-referee-stats/
2020-21,regular_season,Lauren Holtkamp,CREW,,9,34,0.471,-1.618,220.147,37.824,0.5,0.5,0,Stats last updated,https://www.nbastuffer.com/2020-2021-nba-referee-stats/
2020-21,regular_season,Simone Jelks,CREW,,2,33,0.424,-1,223.727,40.273,0.5049,0.4951,0.4,Stats last updated,https://www.nbastuffer.com/2020-2021-nba-referee-stats/
2020-21,regular_season,Derek Richardson,CHIEF,,26,34,0.647,3.618,221.735,38.206,0.5173,0.4827,1.3,Stats last updated,https://www.nbastuffer.com/2020-2021-nba-referee-stats/
2020-21,regular_season,Brett Nansel,CREW,,7,32,0.5,-0.281,230.281,39.813,0.4992,0.5008,-0.1,Stats last updated,https://www.nbastuffer.com/2020-2021-nba-referee-stats/
2020-21,regular_season,James Williams,CREW,,12,33,0.394,-0.576,223.424,39.182,0.4872,0.5128,-1,Stats last updated,https://www.nbastuffer.com/2020-2021-nba-referee-stats/
2020-21,regular_season,Kevin Cutler,CREW,,12,32,0.625,8.844,222.219,35.469,0.4978,0.5022,-0.2,Stats last updated,https://www.nbastuffer.com/2020-2021-nba-referee-stats/
2020-21,regular_season,John Goble,CHIEF,,14,33,0.485,-0.212,225.364,39.273,0.5046,0.4954,0.4,Stats last updated,https://www.nbastuffer.com/2020-2021-nba-referee-stats/
2020-21,regular_season,Leroy Richardson,CHIEF,,26,31,0.581,3.387,226.742,39.935,0.5202,0.4798,1.6,Stats last updated,https://www.nbastuffer.com/2020-2021-nba-referee-stats/
2020-21,regular_season,Derrick Collins,CHIEF,,22,31,0.548,1.871,227.419,38.29,0.508,0.492,0.6,Stats last updated,https://www.nbastuffer.com/2020-2021-nba-referee-stats/
2020-21,regular_season,Suyash Mehta,CREW,,2,31,0.452,-3.484,231.484,39.871,0.4935,0.5065,-0.5,Stats last updated,https://www.nbastuffer.com/2020-2021-nba-referee-stats/
2020-21,regular_season,Michael Smith,CHIEF,,28,31,0.516,1.548,226.581,38.129,0.5059,0.4941,0.5,Stats last updated,https://www.nbastuffer.com/2020-2021-nba-referee-stats/
2020-21,regular_season,Haywoode Workman,CREW,,13,31,0.548,-0.419,226.742,39.613,0.4927,0.5073,-0.6,Stats last updated,https://www.nbastuffer.com/2020-2021-nba-referee-stats/
2020-21,regular_season,Sean Wright,CHIEF,,16,31,0.613,1.581,227.129,40.419,0.506,0.494,0.5,Stats last updated,https://www.nbastuffer.com/2020-2021-nba-referee-stats/
2020-21,regular_season,Matt Myers,CREW,,10,31,0.581,1.419,222.323,40.645,0.4992,0.5008,-0.1,Stats last updated,https://www.nbastuffer.com/2020-2021-nba-referee-stats/
2020-21,regular_season,Leon Wood,CHIEF,,26,31,0.548,-0.097,226.548,36.839,0.5201,0.4799,1.5,Stats last updated,https://www.nbastuffer.com/2020-2021-nba-referee-stats/
2020-21,regular_season,Ed Malloy,CHIEF,,19,29,0.448,-3.069,228.103,39.966,0.5056,0.4944,0.4,Stats last updated,https://www.nbastuffer.com/2020-2021-nba-referee-stats/
2020-21,regular_season,Courtney Kirkland,CHIEF,,22,28,0.607,5.571,212.786,38.179,0.493,0.507,-0.5,Stats last updated,https://www.nbastuffer.com/2020-2021-nba-referee-stats/
2020-21,regular_season,Eric Lewis,CHIEF,,17,28,0.714,1.857,230.5,38.929,0.5193,0.4807,1.5,Stats last updated,https://www.nbastuffer.com/2020-2021-nba-referee-stats/
2020-21,regular_season,Zach Zarba,CHIEF,,18,28,0.5,-0.321,225.679,39,0.5165,0.4835,1.3,Stats last updated,https://www.nbastuffer.com/2020-2021-nba-referee-stats/
2020-21,regular_season,Curtis Blair,CREW,,13,28,0.607,1.679,226.393,37.179,0.5082,0.4918,0.6,Stats last updated,https://www.nbastuffer.com/2020-2021-nba-referee-stats/
2020-21,regular_season,Danielle Scott,CREW,,0,26,0.423,-2.462,227.077,36.462,0.501,0.4989,0.1,Stats last updated,https://www.nbastuffer.com/2020-2021-nba-referee-stats/
2020-21,regular_season,John Conley,CREW,,2,25,0.36,-1.8,220.04,38.8,0.501,0.499,0.1,Stats last updated,https://www.nbastuffer.com/2020-2021-nba-referee-stats/
2020-21,regular_season,Curtis Blair,CHIEF,,13,25,0.32,-7.08,217.64,38.44,0.4891,0.5109,-0.8,Stats last updated,https://www.nbastuffer.com/2020-2021-nba-referee-stats/
2020-21,regular_season,Scott Wall,CHIEF,,26,26,0.577,-2.154,225.385,37.808,0.5046,0.4954,0.3,Stats last updated,https://www.nbastuffer.com/2020-2021-nba-referee-stats/
2020-21,regular_season,Mark Ayotte,CHIEF,,26,25,0.64,1.84,220.88,39.12,0.5307,0.4693,2.4,Stats last updated,https://www.nbastuffer.com/2020-2021-nba-referee-stats/
2020-21,regular_season,Bill Kennedy,CHIEF,,26,24,0.5,1.542,214.125,37.208,0.5151,0.4849,1.1,Stats last updated,https://www.nbastuffer.com/2020-2021-nba-referee-stats/
2020-21,regular_season,Tony Brown,CHIEF,,19,24,0.458,-1.5,228.25,39.667,0.5105,0.4895,0.8,Stats last updated,https://www.nbastuffer.com/2020-2021-nba-referee-stats/
2020-21,regular_season,Mark Ayotte,CREW,,26,25,0.6,3.04,228.16,38.4,0.5115,0.4885,0.9,Stats last updated,https://www.nbastuffer.com/2020-2021-nba-referee-stats/
2020-21,regular_season,Zach Zarba,CREW,,18,25,0.64,3.08,221.48,36.88,0.487,0.513,-1,Stats last updated,https://www.nbastuffer.com/2020-2021-nba-referee-stats/
2020-21,regular_season,Robert Hussey,CREW,,1,22,0.5,0.182,218.727,37.955,0.4994,0.5006,0,Stats last updated,https://www.nbastuffer.com/2020-2021-nba-referee-stats/
2020-21,regular_season,Tre Maddox,CREW,,11,23,0.565,1.391,225.391,38.913,0.4994,0.5006,0,Stats last updated,https://www.nbastuffer.com/2020-2021-nba-referee-stats/
2020-21,regular_season,Dannica Mosher,CREW,,1,22,0.545,3.364,216.636,36.045,0.5309,0.4691,2.2,Stats last updated,https://www.nbastuffer.com/2020-2021-nba-referee-stats/
2020-21,regular_season,David Guthrie,CHIEF,,16,22,0.591,2.773,224.136,37.909,0.4988,0.5012,-0.1,Stats last updated,https://www.nbastuffer.com/2020-2021-nba-referee-stats/
2020-21,regular_season,Matt Boland,CREW,,22,23,0.565,1.565,223.391,37.565,0.5174,0.4826,1.3,Stats last updated,https://www.nbastuffer.com/2020-2021-nba-referee-stats/
2020-21,regular_season,Tom Washington,CHIEF,,30,22,0.545,1.5,226.227,38.5,0.5065,0.4935,0.5,Stats last updated,https://www.nbastuffer.com/2020-2021-nba-referee-stats/
2020-21,regular_season,Eric Lewis,CREW,,17,22,0.591,3.955,221.591,37.909,0.5048,0.4952,0.4,Stats last updated,https://www.nbastuffer.com/2020-2021-nba-referee-stats/
2020-21,regular_season,Brandon Schwab,CREW,,1,20,0.55,2.5,223.1,39.4,0.4962,0.5038,-0.3,Stats last updated,https://www.nbastuffer.com/2020-2021-nba-referee-stats/
2020-21,regular_season,Kane Fitzgerald,CREW,,12,21,0.571,-1.333,225.238,39.476,0.5247,0.4753,2,Stats last updated,https://www.nbastuffer.com/2020-2021-nba-referee-stats/
2020-21,regular_season,Kane Fitzgerald,CHIEF,,12,20,0.5,-0.85,226.55,41.05,0.4799,0.5201,-1.7,Stats last updated,https://www.nbastuffer.com/2020-2021-nba-referee-stats/
2020-21,regular_season,Mark Lindsay,CREW,,14,21,0.476,-1.667,221.095,38.19,0.4713,0.5287,-2.2,Stats last updated,https://www.nbastuffer.com/2020-2021-nba-referee-stats/
2020-21,regular_season,Scott Wall,CREW,,26,19,0.579,2.263,233.316,40,0.5079,0.4921,0.6,Stats last updated,https://www.nbastuffer.com/2020-2021-nba-referee-stats/
2020-21,regular_season,Matt Boland,CHIEF,,22,19,0.526,3.053,219.789,35.526,0.4785,0.5215,-1.5,Stats last updated,https://www.nbastuffer.com/2020-2021-nba-referee-stats/
2020-21,regular_season,Matt Kallio,CREW,,0,18,0.667,4.722,218.5,37,0.485,0.515,-1.1,Stats last updated,https://www.nbastuffer.com/2020-2021-nba-referee-stats/
2020-21,regular_season,Bill Kennedy,CREW,,26,19,0.684,2,223.263,35.895,0.5029,0.4971,0.2,Stats last updated,https://www.nbastuffer.com/2020-2021-nba-referee-stats/
2020-21,regular_season,Derrick Collins,CREW,,22,19,0.632,-0.526,222.842,37.158,0.5099,0.4901,0.7,Stats last updated,https://www.nbastuffer.com/2020-2021-nba-referee-stats/
2020-21,regular_season,Brian Forte,CHIEF,,16,18,0.389,-2.611,211.056,35.944,0.5054,0.4946,0.4,Stats last updated,https://www.nbastuffer.com/2020-2021-nba-referee-stats/
2020-21,regular_season,John Goble,CREW,,14,16,0.75,4.125,228.5,37.938,0.5107,0.4893,0.8,Stats last updated,https://www.nbastuffer.com/2020-2021-nba-referee-stats/
2020-21,regular_season,Josh Tiven,CHIEF,,12,16,0.5,2.5,231,40.938,0.5206,0.4794,1.7,Stats last updated,https://www.nbastuffer.com/2020-2021-nba-referee-stats/
2020-21,regular_season,Courtney Kirkland,CREW,,22,17,0.529,-0.824,216.471,36.882,0.5183,0.4817,1.4,Stats last updated,https://www.nbastuffer.com/2020-2021-nba-referee-stats/
2020-21,regular_season,Tony Brown,CREW,,19,15,0.533,1.267,225.533,44.867,0.5111,0.4889,1,Stats last updated,https://www.nbastuffer.com/2020-2021-nba-referee-stats/
2020-21,regular_season,Ed Malloy,CREW,,19,15,0.467,2.2,224.733,36.133,0.5166,0.4834,1.2,Stats last updated,https://www.nbastuffer.com/2020-2021-nba-referee-stats/
2020-21,regular_season,Michael Smith,CREW,,28,15,0.8,6.2,226.733,37.933,0.5149,0.4851,1.1,Stats last updated,https://www.nbastuffer.com/2020-2021-nba-referee-stats/
2020-21,regular_season,Sean Wright,CREW,,16,15,0.667,10.333,228.467,39.733,0.4983,0.5017,-0.1,Stats last updated,https://www.nbastuffer.com/2020-2021-nba-referee-stats/
2020-21,regular_season,Tre Maddox,CHIEF,,11,13,0.538,1.077,218.615,39.154,0.5069,0.4931,0.5,Stats last updated,https://www.nbastuffer.com/2020-2021-nba-referee-stats/
2020-21,regular_season,James Williams,CHIEF,,12,13,0.462,-1.923,231.154,40.615,0.5341,0.4659,2.8,Stats last updated,https://www.nbastuffer.com/2020-2021-nba-referee-stats/
2020-21,regular_season,David Guthrie,CREW,,16,14,0.571,-0.286,227.857,37.643,0.5199,0.4801,1.5,Stats last updated,https://www.nbastuffer.com/2020-2021-nba-referee-stats/
2020-21,regular_season,Bennie Adams,CHIEF,,26,14,0.429,-3.357,218.214,36.214,0.5345,0.4655,2.5,Stats last updated,https://www.nbastuffer.com/2020-2021-nba-referee-stats/
2020-21,regular_season,Kevin Scott,CHIEF,,11,12,0.333,-6.083,214.917,38.167,0.4956,0.5044,-0.3,Stats last updated,https://www.nbastuffer.com/2020-2021-nba-referee-stats/
2020-21,regular_season,Leon Wood,CREW,,26,12,0.333,-2.917,218.25,38.333,0.5044,0.4957,0.3,Stats last updated,https://www.nbastuffer.com/2020-2021-nba-referee-stats/
2020-21,regular_season,Pat Fraher,CHIEF,,26,12,0.583,4,225.833,38.167,0.4869,0.5131,-1,Stats last updated,https://www.nbastuffer.com/2020-2021-nba-referee-stats/
2020-21,regular_season,Tom Washington,CREW,,30,12,0.583,0.833,225.5,38.417,0.5141,0.4859,1.1,Stats last updated,https://www.nbastuffer.com/2020-2021-nba-referee-stats/
2020-21,regular_season,Marc Davis,CREW,,23,10,0.9,8.3,236.9,38.6,0.4896,0.5104,-0.8,Stats last updated,https://www.nbastuffer.com/2020-2021-nba-referee-stats/
2020-21,regular_season,Ben Taylor,CHIEF,,10,10,0.4,-6.8,221.2,42.3,0.5012,0.4988,0.1,Stats last updated,https://www.nbastuffer.com/2020-2021-nba-referee-stats/
2020-21,regular_season,Kevin Cutler,CHIEF,,12,11,0.545,-2.364,219.273,37.727,0.5181,0.4819,1.4,Stats last updated,https://www.nbastuffer.com/2020-2021-nba-referee-stats/
2020-21,regular_season,Derek Richardson,CREW,,26,9,0.778,6.444,230.667,40.444,0.5137,0.4863,1.1,Stats last updated,https://www.nbastuffer.com/2020-2021-nba-referee-stats/
2020-21,regular_season,Bennie Adams,CREW,,26,9,0.333,-7.667,217.222,37.667,0.5192,0.4808,1.4,Stats last updated,https://www.nbastuffer.com/2020-2021-nba-referee-stats/
2020-21,regular_season,Mark Lindsay,CHIEF,,14,9,0.333,-0.222,228.889,39.556,0.4803,0.5197,-1.6,Stats last updated,https://www.nbastuffer.com/2020-2021-nba-referee-stats/
2020-21,regular_season,Pat Fraher,CREW,,26,9,0.778,8.111,223.222,38.556,0.5216,0.4784,1.7,Stats last updated,https://www.nbastuffer.com/2020-2021-nba-referee-stats/
2020-21,regular_season,Haywoode Workman,CHIEF,,13,8,0.5,0.375,223.625,40.5,0.4475,0.5525,-4.3,Stats last updated,https://www.nbastuffer.com/2020-2021-nba-referee-stats/
2020-21,regular_season,Leroy Richardson,CREW,,26,8,0.5,2.875,226.375,40.375,0.5356,0.4644,2.9,Stats last updated,https://www.nbastuffer.com/2020-2021-nba-referee-stats/
2020-21,regular_season,Brett Nansel,CHIEF,,7,7,0.857,3.714,220.286,38.143,0.5019,0.4981,0.1,Stats last updated,https://www.nbastuffer.com/2020-2021-nba-referee-stats/
2020-21,regular_season,Brent Barnaky,CHIEF,,12,7,0.429,2,226.571,36.286,0.4921,0.5079,-0.6,Stats last updated,https://www.nbastuffer.com/2020-2021-nba-referee-stats/
2020-21,regular_season,Eric Dalen,CHIEF,,13,6,0.667,5.167,235.167,39.667,0.5,0.5,0,Stats last updated,https://www.nbastuffer.com/2020-2021-nba-referee-stats/
2020-21,regular_season,Scott Foster,CREW,,27,6,0.667,4.333,229.333,36.333,0.4862,0.5138,-1,Stats last updated,https://www.nbastuffer.com/2020-2021-nba-referee-stats/
2020-21,regular_season,Karl Lane,CHIEF,,11,5,0.6,10.2,235,31.4,0.4841,0.5159,-1,Stats last updated,https://www.nbastuffer.com/2020-2021-nba-referee-stats/
2020-21,regular_season,Nick Buchert,CHIEF,,12,6,0.833,2.833,231.833,46.167,0.5343,0.4657,3.2,Stats last updated,https://www.nbastuffer.com/2020-2021-nba-referee-stats/
2020-21,regular_season,JB DeRosa,CREW,,4,4,1,13,237.5,37.25,0.4765,0.5235,-1.8,Stats last updated,https://www.nbastuffer.com/2020-2021-nba-referee-stats/
2020-21,regular_season,Sean Corbin,CREW,,28,4,0.75,2.25,208.25,32.25,0.5426,0.4574,2.8,Stats last updated,https://www.nbastuffer.com/2020-2021-nba-referee-stats/
2020-21,regular_season,Bill Spooner,CREW,,32,3,0.667,-1.667,236.333,39.667,0.5294,0.4706,2.3,Stats last updated,https://www.nbastuffer.com/2020-2021-nba-referee-stats/
2020-21,regular_season,Ken Mauer,CREW,,33,3,0.333,-3.333,255.333,43,0.4884,0.5116,-1,Stats last updated,https://www.nbastuffer.com/2020-2021-nba-referee-stats/
2020-21,regular_season,J.T. Orr,CREW,,12,2,1,20.5,223.5,40.5,0.4815,0.5185,-1.5,Stats last updated,https://www.nbastuffer.com/2020-2021-nba-referee-stats/
2020-21,regular_season,Rodney Mott,CREW,,26,2,0.5,5.5,234.5,48,0.5521,0.4479,5,Stats last updated,https://www.nbastuffer.com/2020-2021-nba-referee-stats/
2020-21,regular_season,Marat Kogut,CHIEF,,12,2,0,-5,249,35.5,0.4084,0.5916,-6.5,Stats last updated,https://www.nbastuffer.com/2020-2021-nba-referee-stats/
2020-21,regular_season,Gediminas Petraitis,CHIEF,,7,1,1,3,295,46,0.5217,0.4783,2,Stats last updated,https://www.nbastuffer.com/2020-2021-nba-referee-stats/
2020-21,regular_season,Matt Myers,CHIEF,,10,1,0,-9,239,48,0.4167,0.5833,-8,Stats last updated,https://www.nbastuffer.com/2020-2021-nba-referee-stats/
2020-21,regular_season,Scott Twardoski,CHIEF,,12,1,1,12,216,29,0.4828,0.5172,-1,Stats last updated,https://www.nbastuffer.com/2020-2021-nba-referee-stats/
2020-21,playoffs,James Capers,CHIEF,,26,13,0.462,0.077,221.769,42.692,0.4991,0.5009,-0.1,Stats last updated,https://www.nbastuffer.com/2020-2021-nba-referee-stats/
2020-21,playoffs,Josh Tiven,CREW,,12,12,0.667,9.5,223.333,40.167,0.4855,0.5145,-1.2,Stats last updated,https://www.nbastuffer.com/2020-2021-nba-referee-stats/
2020-21,playoffs,Kane Fitzgerald,CREW,,12,9,0.667,8.667,217.111,41.333,0.4973,0.5027,-0.2,Stats last updated,https://www.nbastuffer.com/2020-2021-nba-referee-stats/
2020-21,playoffs,Curtis Blair,CREW,,13,8,0.5,0.625,220.625,40.125,0.4798,0.5202,-1.6,Stats last updated,https://www.nbastuffer.com/2020-2021-nba-referee-stats/
2020-21,playoffs,Sean Wright,CREW,,16,12,0.5,-1.5,226.167,42.417,0.5187,0.4813,1.6,Stats last updated,https://www.nbastuffer.com/2020-2021-nba-referee-stats/
2020-21,playoffs,Tony Brothers,CHIEF,,27,10,0.7,6.2,219.6,36.4,0.4973,0.5028,-0.2,Stats last updated,https://www.nbastuffer.com/2020-2021-nba-referee-stats/
2020-21,playoffs,Ben Taylor,CREW,,10,7,0.571,-0.143,232.143,42.571,0.5269,0.4732,2.3,Stats last updated,https://www.nbastuffer.com/2020-2021-nba-referee-stats/
2020-21,playoffs,Zach Zarba,CREW,,18,8,0.625,6.625,216.375,43.25,0.5202,0.4798,1.8,Stats last updated,https://www.nbastuffer.com/2020-2021-nba-referee-stats/
2020-21,playoffs,Ken Mauer,CREW,,33,6,0.667,7,216.333,43.5,0.5058,0.4942,0.5,Stats last updated,https://www.nbastuffer.com/2020-2021-nba-referee-stats/
2020-21,playoffs,Tyler Ford,CREW,,7,6,0.667,0.667,206,37.167,0.5381,0.4619,2.8,Stats last updated,https://www.nbastuffer.com/2020-2021-nba-referee-stats/
2020-21,playoffs,Scott Foster,CHIEF,,27,8,0.75,10.25,221,42.75,0.5088,0.4912,0.8,Stats last updated,https://www.nbastuffer.com/2020-2021-nba-referee-stats/
2020-21,playoffs,Kevin Scott,CREW,,11,6,0.5,3.333,229.667,39.5,0.4937,0.5063,-0.5,Stats last updated,https://www.nbastuffer.com/2020-2021-nba-referee-stats/
2020-21,playoffs,Tre Maddox,CREW,,11,5,0.4,-0.2,225.8,45.6,0.5044,0.4956,0.4,Stats last updated,https://www.nbastuffer.com/2020-2021-nba-referee-stats/
2020-21,playoffs,Eric Lewis,CREW,,17,10,0.5,0.3,210.5,40.1,0.5736,0.4264,5.9,Stats last updated,https://www.nbastuffer.com/2020-2021-nba-referee-stats/
2020-21,playoffs,Mark Lindsay,CREW,,14,5,0.8,11.2,234.8,41.8,0.4785,0.5215,-1.8,Stats last updated,https://www.nbastuffer.com/2020-2021-nba-referee-stats/
2020-21,playoffs,John Goble,CREW,,14,8,0.5,-0.5,223.25,42.75,0.5351,0.4649,3,Stats last updated,https://www.nbastuffer.com/2020-2021-nba-referee-stats/
2020-21,playoffs,David Guthrie,CREW,,16,9,0.556,1.556,222.444,39.444,0.5014,0.4986,0.1,Stats last updated,https://www.nbastuffer.com/2020-2021-nba-referee-stats/
2020-21,playoffs,Marc Davis,CREW,,23,5,0.4,2.4,215.2,35,0.4629,0.5371,-2.6,Stats last updated,https://www.nbastuffer.com/2020-2021-nba-referee-stats/
2020-21,playoffs,Rodney Mott,CHIEF,,26,4,0.5,-1,223,43.25,0.5087,0.4913,0.8,Stats last updated,https://www.nbastuffer.com/2020-2021-nba-referee-stats/
2020-21,playoffs,Sean Corbin,CHIEF,,28,4,0.75,7.75,216.75,49.75,0.5477,0.4523,4.8,Stats last updated,https://www.nbastuffer.com/2020-2021-nba-referee-stats/
2020-21,playoffs,Brian Forte,CREW,,16,4,0.25,-7,210,43.5,0.4828,0.5172,-1.5,Stats last updated,https://www.nbastuffer.com/2020-2021-nba-referee-stats/
2020-21,playoffs,James Williams,CREW,,12,8,0.625,10.5,221.25,38.125,0.518,0.482,1.4,Stats last updated,https://www.nbastuffer.com/2020-2021-nba-referee-stats/
2020-21,playoffs,Courtney Kirkland,CHIEF,,22,4,0.25,-6.25,212.25,40.25,0.5031,0.4969,0.3,Stats last updated,https://www.nbastuffer.com/2020-2021-nba-referee-stats/
2020-21,playoffs,Bill Kennedy,CREW,,26,5,0.6,2,218.8,40,0.47,0.53,-2.4,Stats last updated,https://www.nbastuffer.com/2020-2021-nba-referee-stats/
2020-21,playoffs,Karl Lane,CREW,,11,3,0,-8.333,226.333,41.333,0.4758,0.5242,-2,Stats last updated,https://www.nbastuffer.com/2020-2021-nba-referee-stats/
2020-21,playoffs,Marc Davis,CHIEF,,23,9,0.556,3.889,218.111,35.111,0.5222,0.4778,1.6,Stats last updated,https://www.nbastuffer.com/2020-2021-nba-referee-stats/
2020-21,playoffs,Michael Smith,CHIEF,,28,3,1,19.667,235.667,44.667,0.5224,0.4776,2,Stats last updated,https://www.nbastuffer.com/2020-2021-nba-referee-stats/
2020-21,playoffs,Eric Lewis,CHIEF,,17,3,1,5.333,250.667,50.333,0.5166,0.4834,1.7,Stats last updated,https://www.nbastuffer.com/2020-2021-nba-referee-stats/
2020-21,playoffs,Zach Zarba,CHIEF,,18,5,0,-9.6,220.8,39.2,0.5204,0.4796,1.6,Stats last updated,https://www.nbastuffer.com/2020-2021-nba-referee-stats/
2020-21,playoffs,Bill Kennedy,CHIEF,,26,3,0.667,10,219.333,41.333,0.5161,0.4839,1.3,Stats last updated,https://www.nbastuffer.com/2020-2021-nba-referee-stats/
2020-21,playoffs,Tom Washington,CHIEF,,30,3,0.333,-2.333,218.333,36,0.4537,0.5463,-3.3,Stats last updated,https://www.nbastuffer.com/2020-2021-nba-referee-stats/
2020-21,playoffs,Courtney Kirkland,CREW,,22,6,0.833,10.333,217.667,40.833,0.5184,0.4816,1.5,Stats last updated,https://www.nbastuffer.com/2020-2021-nba-referee-stats/
2020-21,playoffs,Ed Malloy,CREW,,19,3,0.667,0.667,203.333,42,0.4524,0.5476,-4,Stats last updated,https://www.nbastuffer.com/2020-2021-nba-referee-stats/
2020-21,playoffs,Pat Fraher,CHIEF,,26,4,0.5,2.75,203.75,38.25,0.4837,0.5163,-1.3,Stats last updated,https://www.nbastuffer.com/2020-2021-nba-referee-stats/
2020-21,playoffs,Pat Fraher,CREW,,26,5,0.6,8.4,225.6,41.4,0.5266,0.4734,2.2,Stats last updated,https://www.nbastuffer.com/2020-2021-nba-referee-stats/
2020-21,playoffs,Scott Foster,CREW,,27,4,1,12,207.5,40.5,0.5309,0.4691,2.5,Stats last updated,https://www.nbastuffer.com/2020-2021-nba-referee-stats/
2020-21,playoffs,Brent Barnaky,CREW,,12,2,0.5,-4,231,41,0.439,0.561,-5,Stats last updated,https://www.nbastuffer.com/2020-2021-nba-referee-stats/
2020-21,playoffs,Kevin Cutler,CREW,,12,2,0.5,-4.5,247.5,48.5,0.5464,0.4536,4.5,Stats last updated,https://www.nbastuffer.com/2020-2021-nba-referee-stats/
2020-21,playoffs,John Goble,CHIEF,,14,2,0.5,-2.5,216.5,39.5,0.5063,0.4937,0.5,Stats last updated,https://www.nbastuffer.com/2020-2021-nba-referee-stats/
2020-21,playoffs,Leon Wood,CHIEF,,26,2,1,16,229,42,0.5357,0.4643,3,Stats last updated,https://www.nbastuffer.com/2020-2021-nba-referee-stats/
2020-21,playoffs,David Guthrie,CHIEF,,16,2,0.5,-2.5,224.5,39,0.5,0.5,0,Stats last updated,https://www.nbastuffer.com/2020-2021-nba-referee-stats/
2020-21,playoffs,Derrick Collins,CREW,,22,2,0,-3.5,208.5,36,0.5,0.5,0,Stats last updated,https://www.nbastuffer.com/2020-2021-nba-referee-stats/
2020-21,playoffs,Michael Smith,CREW,,28,2,0.5,-8.5,252.5,46.5,0.5376,0.4624,3.5,Stats last updated,https://www.nbastuffer.com/2020-2021-nba-referee-stats/
2020-21,playoffs,Tom Washington,CREW,,30,3,0.667,9,214.333,43,0.5039,0.4961,0.3,Stats last updated,https://www.nbastuffer.com/2020-2021-nba-referee-stats/
2020-21,playoffs,JB DeRosa,CREW,,4,2,0,-5,202,33.5,0.4925,0.5075,-0.5,Stats last updated,https://www.nbastuffer.com/2020-2021-nba-referee-stats/
2020-21,playoffs,JB DeRosa,CHIEF,,4,1,1,12,270,50,0.5,0.5,0,Stats last updated,https://www.nbastuffer.com/2020-2021-nba-referee-stats/
2020-21,playoffs,Ken Mauer,CHIEF,,33,2,0,-5.5,182.5,40.5,0.5062,0.4938,0.5,Stats last updated,https://www.nbastuffer.com/2020-2021-nba-referee-stats/
2020-21,playoffs,Derrick Collins,CHIEF,,22,1,0,-10,232,40,0.45,0.55,-4,Stats last updated,https://www.nbastuffer.com/2020-2021-nba-referee-stats/
2020-21,playoffs,Ed Malloy,CHIEF,,19,1,1,17,241,55,0.5454,0.4546,5,Stats last updated,https://www.nbastuffer.com/2020-2021-nba-referee-stats/
2020-21,playoffs,Scott Wall,CHIEF,,26,1,1,11,197,40,0.45,0.55,-4,Stats last updated,https://www.nbastuffer.com/2020-2021-nba-referee-stats/
2020-21,playoffs,Scott Wall,CREW,,26,1,1,9,193,41,0.5122,0.4878,1,Stats last updated,https://www.nbastuffer.com/2020-2021-nba-referee-stats/
2020-21,playoffs,Sean Corbin,CREW,,28,1,1,22,238,43,0.4651,0.5349,-3,Stats last updated,https://www.nbastuffer.com/2020-2021-nba-referee-stats/
2020-21,playoffs,Rodney Mott,CREW,,26,1,0,-11,241,40,0.45,0.55,-4,Stats last updated,https://www.nbastuffer.com/2020-2021-nba-referee-stats/
2019-20,regular_season,Karl Lane,CREW,,10,54,0.574,3.704,217.37,39.333,0.5019,0.4981,0.1,Stats last updated,https://www.nbastuffer.com/2019-2020-nba-referee-stats/
2019-20,regular_season,Tyler Ford,CREW,,6,55,0.618,2.745,221.618,42.545,0.5085,0.4915,0.7,Stats last updated,https://www.nbastuffer.com/2019-2020-nba-referee-stats/
2019-20,regular_season,Dedric Taylor,CREW,,7,55,0.564,2.036,224.582,43.273,0.5013,0.4987,0.1,Stats last updated,https://www.nbastuffer.com/2019-2020-nba-referee-stats/
2019-20,regular_season,Gediminas Petraitis,CREW,,6,56,0.464,0.571,226.393,40.768,0.5191,0.4809,1.6,Stats last updated,https://www.nbastuffer.com/2019-2020-nba-referee-stats/
2019-20,regular_season,Mitchell Ervin,CREW,,6,54,0.5,-0.278,229.87,44.185,0.508,0.492,0.7,Stats last updated,https://www.nbastuffer.com/2019-2020-nba-referee-stats/
2019-20,regular_season,James Capers,CHIEF,,25,51,0.667,3.941,228.098,41.686,0.5066,0.4934,0.5,Stats last updated,https://www.nbastuffer.com/2019-2020-nba-referee-stats/
2019-20,regular_season,Scott Twardoski,CREW,,11,53,0.585,4.302,221.472,41.34,0.5043,0.4957,0.4,Stats last updated,https://www.nbastuffer.com/2019-2020-nba-referee-stats/
2019-20,regular_season,J.T. Orr,CREW,,11,52,0.519,1.212,221.481,41.365,0.4877,0.5123,-1,Stats last updated,https://www.nbastuffer.com/2019-2020-nba-referee-stats/
2019-20,regular_season,Tony Brothers,CHIEF,,26,54,0.667,4.185,224.296,39.704,0.5252,0.4748,2,Stats last updated,https://www.nbastuffer.com/2019-2020-nba-referee-stats/
2019-20,regular_season,Sean Corbin,CHIEF,,27,51,0.588,4.941,225.255,41.569,0.5047,0.4953,0.4,Stats last updated,https://www.nbastuffer.com/2019-2020-nba-referee-stats/
2019-20,regular_season,Ben Taylor,CREW,,9,53,0.566,1.679,225.34,43.358,0.5122,0.4878,1.1,Stats last updated,https://www.nbastuffer.com/2019-2020-nba-referee-stats/
2019-20,regular_season,Nick Buchert,CREW,,11,52,0.558,0.731,219.192,42.904,0.5105,0.4895,0.9,Stats last updated,https://www.nbastuffer.com/2019-2020-nba-referee-stats/
2019-20,regular_season,Scott Foster,CHIEF,,26,51,0.49,3.667,225.235,42.608,0.5058,0.4942,0.5,Stats last updated,https://www.nbastuffer.com/2019-2020-nba-referee-stats/
2019-20,regular_season,James Williams,CREW,,11,49,0.571,3.816,222.388,41.694,0.4998,0.5002,0,Stats last updated,https://www.nbastuffer.com/2019-2020-nba-referee-stats/
2019-20,regular_season,Rodney Mott,CHIEF,,25,46,0.565,3.63,225.065,41.739,0.4969,0.5031,-0.3,Stats last updated,https://www.nbastuffer.com/2019-2020-nba-referee-stats/
2019-20,regular_season,Jacyn Goble,CREW,,4,48,0.583,1.375,219.875,42.146,0.5101,0.4899,0.9,Stats last updated,https://www.nbastuffer.com/2019-2020-nba-referee-stats/
2019-20,regular_season,Ray Acosta,CREW,,3,49,0.571,4.122,230.939,42.449,0.5067,0.4933,0.6,Stats last updated,https://www.nbastuffer.com/2019-2020-nba-referee-stats/
2019-20,regular_season,Tre Maddox,CREW,,10,49,0.531,2.224,229.531,43.245,0.488,0.512,-1,Stats last updated,https://www.nbastuffer.com/2019-2020-nba-referee-stats/
2019-20,regular_season,Kevin Cutler,CREW,,11,48,0.583,2.396,224.521,40.625,0.5231,0.4769,1.9,Stats last updated,https://www.nbastuffer.com/2019-2020-nba-referee-stats/
2019-20,regular_season,Aaron Smith,CREW,,5,48,0.5,1.063,222.563,39.938,0.4997,0.5002,0,Stats last updated,https://www.nbastuffer.com/2019-2020-nba-referee-stats/
2019-20,regular_season,Marat Kogut,CREW,,11,47,0.553,-0.511,221.787,41.596,0.4962,0.5038,-0.3,Stats last updated,https://www.nbastuffer.com/2019-2020-nba-referee-stats/
2019-20,regular_season,Justin Van Duyne,CREW,,7,41,0.634,6.268,222.122,41.024,0.5178,0.4822,1.5,Stats last updated,https://www.nbastuffer.com/2019-2020-nba-referee-stats/
2019-20,regular_season,Brent Barnaky,CREW,,11,46,0.63,3.239,221.196,40.065,0.5057,0.4943,0.5,Stats last updated,https://www.nbastuffer.com/2019-2020-nba-referee-stats/
2019-20,regular_season,Ken Mauer,CHIEF,,32,42,0.571,0.095,219.143,39.571,0.4802,0.5199,-1.6,Stats last updated,https://www.nbastuffer.com/2019-2020-nba-referee-stats/
2019-20,regular_season,Kevin Scott,CREW,,10,46,0.587,3.891,229.283,42.63,0.513,0.487,1.1,Stats last updated,https://www.nbastuffer.com/2019-2020-nba-referee-stats/
2019-20,regular_season,Jonathan Sterling,CREW,,3,39,0.513,2.667,220.051,41.615,0.4941,0.5059,-0.5,Stats last updated,https://www.nbastuffer.com/2019-2020-nba-referee-stats/
2019-20,regular_season,Mark Lindsay,CREW,,13,43,0.535,2.791,228.465,43.326,0.4922,0.5078,-0.7,Stats last updated,https://www.nbastuffer.com/2019-2020-nba-referee-stats/
2019-20,regular_season,Curtis Blair,CREW,,12,46,0.478,-1.109,223.891,40.435,0.4941,0.5059,-0.5,Stats last updated,https://www.nbastuffer.com/2019-2020-nba-referee-stats/
2019-20,regular_season,Pat Fraher,CHIEF,,25,38,0.526,0.421,220.632,41,0.5058,0.4942,0.5,Stats last updated,https://www.nbastuffer.com/2019-2020-nba-referee-stats/
2019-20,regular_season,Tom Washington,CHIEF,,29,39,0.59,3.59,221.333,41,0.5153,0.4847,1.3,Stats last updated,https://www.nbastuffer.com/2019-2020-nba-referee-stats/
2019-20,regular_season,Josh Tiven,CREW,,11,42,0.548,1.667,224.286,41.238,0.5075,0.4925,0.6,Stats last updated,https://www.nbastuffer.com/2019-2020-nba-referee-stats/
2019-20,regular_season,JB DeRosa,CHIEF,,3,38,0.553,2.263,220.895,38.895,0.5081,0.4919,0.6,Stats last updated,https://www.nbastuffer.com/2019-2020-nba-referee-stats/
2019-20,regular_season,Jason Goldenberg,CREW,,4,35,0.6,3.486,223.086,41.857,0.512,0.4881,1,Stats last updated,https://www.nbastuffer.com/2019-2020-nba-referee-stats/
2019-20,regular_season,Brandon Adair,CREW,,3,36,0.417,-1.611,222.722,39.694,0.4752,0.5249,-2,Stats last updated,https://www.nbastuffer.com/2019-2020-nba-referee-stats/
2019-20,regular_season,Marc Davis,CHIEF,,22,38,0.526,-1.526,221.474,40.789,0.4968,0.5032,-0.3,Stats last updated,https://www.nbastuffer.com/2019-2020-nba-referee-stats/
2019-20,regular_season,Natalie Sago,CREW,,0,32,0.531,1.125,219.563,42.063,0.5037,0.4963,0.3,Stats last updated,https://www.nbastuffer.com/2019-2020-nba-referee-stats/
2019-20,regular_season,CJ Washington,CREW,,6,35,0.514,2.943,224.829,42.229,0.5122,0.4878,1,Stats last updated,https://www.nbastuffer.com/2019-2020-nba-referee-stats/
2019-20,regular_season,Eric Lewis,CHIEF,,16,37,0.459,0.541,220.865,40.946,0.5043,0.4957,0.4,Stats last updated,https://www.nbastuffer.com/2019-2020-nba-referee-stats/
2019-20,regular_season,Mousa Dagher,CREW,,0,32,0.563,1.75,224.438,42.031,0.49,0.51,-0.8,Stats last updated,https://www.nbastuffer.com/2019-2020-nba-referee-stats/
2019-20,regular_season,Eric Dalen,CREW,,12,35,0.6,2.886,225.171,38.8,0.503,0.497,0.2,Stats last updated,https://www.nbastuffer.com/2019-2020-nba-referee-stats/
2019-20,regular_season,Phenizee Ransom,CREW,,4,29,0.621,4.759,219.31,39.897,0.5048,0.4952,0.4,Stats last updated,https://www.nbastuffer.com/2019-2020-nba-referee-stats/
2019-20,regular_season,Brett Nansel,CREW,,6,30,0.467,-1.033,226.167,41.167,0.4793,0.5206,-1.7,Stats last updated,https://www.nbastuffer.com/2019-2020-nba-referee-stats/
2019-20,regular_season,Brian Forte,CREW,,15,37,0.514,3.757,224.243,41.054,0.5069,0.4931,0.6,Stats last updated,https://www.nbastuffer.com/2019-2020-nba-referee-stats/
2019-20,regular_season,Michael Smith,CHIEF,,27,37,0.459,0.784,220.297,43.703,0.5145,0.4855,1.3,Stats last updated,https://www.nbastuffer.com/2019-2020-nba-referee-stats/
2019-20,regular_season,Evan Scott,CREW,,0,29,0.517,-0.138,226.138,40.483,0.5017,0.4983,0.1,Stats last updated,https://www.nbastuffer.com/2019-2020-nba-referee-stats/
2019-20,regular_season,Ashley Moyer-Gleich,CREW,,0,30,0.5,2.933,218.4,40.267,0.5033,0.4967,0.3,Stats last updated,https://www.nbastuffer.com/2019-2020-nba-referee-stats/
2019-20,regular_season,John Butler,CREW,,0,30,0.533,-0.533,224.133,39.867,0.5092,0.4908,0.7,Stats last updated,https://www.nbastuffer.com/2019-2020-nba-referee-stats/
2019-20,regular_season,Matt Myers,CREW,,9,28,0.5,0.5,218,39.821,0.5112,0.4888,0.9,Stats last updated,https://www.nbastuffer.com/2019-2020-nba-referee-stats/
2019-20,regular_season,Tony Brown,CHIEF,,18,34,0.618,3.471,223.529,42.647,0.5097,0.4903,0.8,Stats last updated,https://www.nbastuffer.com/2019-2020-nba-referee-stats/
2019-20,regular_season,Leon Wood,CHIEF,,25,33,0.576,1.273,216.909,43,0.4989,0.5011,-0.1,Stats last updated,https://www.nbastuffer.com/2019-2020-nba-referee-stats/
2019-20,regular_season,Derrick Collins,CREW,,21,31,0.548,0.032,219.452,40.355,0.4908,0.5092,-0.7,Stats last updated,https://www.nbastuffer.com/2019-2020-nba-referee-stats/
2019-20,regular_season,Ed Malloy,CHIEF,,18,30,0.5,-0.167,226.9,39.733,0.5076,0.4924,0.6,Stats last updated,https://www.nbastuffer.com/2019-2020-nba-referee-stats/
2019-20,regular_season,John Goble,CHIEF,,13,30,0.533,3.067,229.8,43,0.4953,0.5047,-0.4,Stats last updated,https://www.nbastuffer.com/2019-2020-nba-referee-stats/
2019-20,regular_season,Jenna Schroeder,CREW,,0,27,0.556,3.741,226.407,40.519,0.5219,0.4781,1.8,Stats last updated,https://www.nbastuffer.com/2019-2020-nba-referee-stats/
2019-20,regular_season,Nate Green,CREW,,0,27,0.556,3.148,219.296,41,0.5212,0.4788,1.7,Stats last updated,https://www.nbastuffer.com/2019-2020-nba-referee-stats/
2019-20,regular_season,David Guthrie,CHIEF,,15,30,0.333,-5.267,223.667,41.933,0.5278,0.4722,2.3,Stats last updated,https://www.nbastuffer.com/2019-2020-nba-referee-stats/
2019-20,regular_season,Leroy Richardson,CHIEF,,25,26,0.577,2.654,221.654,40.692,0.5236,0.4764,1.9,Stats last updated,https://www.nbastuffer.com/2019-2020-nba-referee-stats/
2019-20,regular_season,Courtney Kirkland,CREW,,21,30,0.533,2.033,217.1,41.7,0.5124,0.4876,1,Stats last updated,https://www.nbastuffer.com/2019-2020-nba-referee-stats/
2019-20,regular_season,Sean Wright,CHIEF,,15,29,0.621,2.897,231.379,41.793,0.5058,0.4942,0.5,Stats last updated,https://www.nbastuffer.com/2019-2020-nba-referee-stats/
2019-20,regular_season,Scott Wall,CHIEF,,25,25,0.56,3.28,223.84,41.84,0.4914,0.5086,-0.7,Stats last updated,https://www.nbastuffer.com/2019-2020-nba-referee-stats/
2019-20,regular_season,Mark Ayotte,CHIEF,,25,27,0.667,7.444,219.296,42.704,0.4996,0.5004,0,Stats last updated,https://www.nbastuffer.com/2019-2020-nba-referee-stats/
2019-20,regular_season,Matt Boland,CREW,,21,28,0.429,-3.357,222.643,42.393,0.497,0.503,-0.3,Stats last updated,https://www.nbastuffer.com/2019-2020-nba-referee-stats/
2019-20,regular_season,Kane Fitzgerald,CHIEF,,11,25,0.52,0.32,226.16,45.32,0.4951,0.5049,-0.4,Stats last updated,https://www.nbastuffer.com/2019-2020-nba-referee-stats/
2019-20,regular_season,Zach Zarba,CREW,,17,27,0.519,3.185,224.37,41.556,0.5107,0.4893,0.9,Stats last updated,https://www.nbastuffer.com/2019-2020-nba-referee-stats/
2019-20,regular_season,Kane Fitzgerald,CREW,,11,30,0.633,2.2,227,42.833,0.509,0.491,0.8,Stats last updated,https://www.nbastuffer.com/2019-2020-nba-referee-stats/
2019-20,regular_season,Derek Richardson,CHIEF,,25,22,0.455,-0.864,215.773,41.773,0.5071,0.4929,0.6,Stats last updated,https://www.nbastuffer.com/2019-2020-nba-referee-stats/
2019-20,regular_season,Sean Wright,CREW,,15,22,0.5,-0.136,217.045,43.273,0.5052,0.4947,0.5,Stats last updated,https://www.nbastuffer.com/2019-2020-nba-referee-stats/
2019-20,regular_season,Zach Zarba,CHIEF,,17,25,0.52,2.16,215.84,39.4,0.5127,0.4873,1,Stats last updated,https://www.nbastuffer.com/2019-2020-nba-referee-stats/
2019-20,regular_season,John Goble,CREW,,13,25,0.6,4.08,229.52,39.68,0.504,0.496,0.3,Stats last updated,https://www.nbastuffer.com/2019-2020-nba-referee-stats/
2019-20,regular_season,Mark Ayotte,CREW,,25,25,0.56,1.44,228.24,42.88,0.5289,0.4711,2.5,Stats last updated,https://www.nbastuffer.com/2019-2020-nba-referee-stats/
2019-20,regular_season,Lauren Holtkamp,CREW,,8,19,0.421,-0.263,226.895,40.421,0.4922,0.5078,-0.6,Stats last updated,https://www.nbastuffer.com/2019-2020-nba-referee-stats/
2019-20,regular_season,Derrick Collins,CHIEF,,21,25,0.52,0.96,224,40.2,0.5184,0.4816,1.5,Stats last updated,https://www.nbastuffer.com/2019-2020-nba-referee-stats/
2019-20,regular_season,Courtney Kirkland,CHIEF,,21,22,0.455,-3.864,224.227,41.136,0.4906,0.5094,-0.8,Stats last updated,https://www.nbastuffer.com/2019-2020-nba-referee-stats/
2019-20,regular_season,Brian Forte,CHIEF,,15,19,0.263,-3.632,221.526,43.579,0.4746,0.5254,-2.2,Stats last updated,https://www.nbastuffer.com/2019-2020-nba-referee-stats/
2019-20,regular_season,Simone Jelks,CREW,,0,16,0.625,7.5,214.625,41.875,0.506,0.494,0.5,Stats last updated,https://www.nbastuffer.com/2019-2020-nba-referee-stats/
2019-20,regular_season,David Guthrie,CREW,,15,23,0.783,9.043,229.739,46.304,0.5174,0.4826,1.6,Stats last updated,https://www.nbastuffer.com/2019-2020-nba-referee-stats/
2019-20,regular_season,Tony Brown,CREW,,18,20,0.4,-0.5,221.9,44.9,0.5178,0.4822,1.6,Stats last updated,https://www.nbastuffer.com/2019-2020-nba-referee-stats/
2019-20,regular_season,Scott Wall,CREW,,25,17,0.412,-1.118,219.588,41.294,0.5185,0.4815,1.5,Stats last updated,https://www.nbastuffer.com/2019-2020-nba-referee-stats/
2019-20,regular_season,Ed Malloy,CREW,,18,23,0.609,4.087,226,41.13,0.5285,0.4715,2.3,Stats last updated,https://www.nbastuffer.com/2019-2020-nba-referee-stats/
2019-20,regular_season,Derek Richardson,CREW,,25,17,0.647,3.294,219.176,42.294,0.5063,0.4937,0.5,Stats last updated,https://www.nbastuffer.com/2019-2020-nba-referee-stats/
2019-20,regular_season,Suyash Mehta,CREW,,0,13,0.462,0.615,233.077,41.308,0.4842,0.5158,-1.3,Stats last updated,https://www.nbastuffer.com/2019-2020-nba-referee-stats/
2019-20,regular_season,Andy Nagy,CREW,,0,13,0.692,3.154,222.077,40.154,0.5096,0.4904,0.8,Stats last updated,https://www.nbastuffer.com/2019-2020-nba-referee-stats/
2019-20,regular_season,Haywoode Workman,CREW,,12,13,0.692,3.154,225.462,40.231,0.5029,0.4971,0.2,Stats last updated,https://www.nbastuffer.com/2019-2020-nba-referee-stats/
2019-20,regular_season,Bill Kennedy,CHIEF,,25,21,0.476,1.238,228.762,41.476,0.5029,0.4971,0.2,Stats last updated,https://www.nbastuffer.com/2019-2020-nba-referee-stats/
2019-20,regular_season,Eric Lewis,CREW,,16,17,0.588,3.824,221.706,44.412,0.5046,0.4954,0.4,Stats last updated,https://www.nbastuffer.com/2019-2020-nba-referee-stats/
2019-20,regular_season,Matt Boland,CHIEF,,21,15,0.8,6.067,234.733,43.8,0.5099,0.4901,0.9,Stats last updated,https://www.nbastuffer.com/2019-2020-nba-referee-stats/
2019-20,regular_season,Michael Smith,CREW,,27,13,0.385,-1.846,221.538,40.154,0.4885,0.5115,-0.9,Stats last updated,https://www.nbastuffer.com/2019-2020-nba-referee-stats/
2019-20,regular_season,Josh Tiven,CHIEF,,11,14,0.571,2.571,218,41.571,0.5017,0.4983,0.1,Stats last updated,https://www.nbastuffer.com/2019-2020-nba-referee-stats/
2019-20,regular_season,Pat Fraher,CREW,,25,15,0.4,-0.2,225.133,40.333,0.5108,0.4893,0.9,Stats last updated,https://www.nbastuffer.com/2019-2020-nba-referee-stats/
2019-20,regular_season,Bill Kennedy,CREW,,25,11,0.727,6.273,218.273,41,0.5055,0.4945,0.5,Stats last updated,https://www.nbastuffer.com/2019-2020-nba-referee-stats/
2019-20,regular_season,John Conley,CREW,,0,8,0.625,4.125,219.625,39.25,0.5127,0.4873,1,Stats last updated,https://www.nbastuffer.com/2019-2020-nba-referee-stats/
2019-20,regular_season,JB DeRosa,CREW,,3,11,0.818,5.364,225.727,39.545,0.5333,0.4667,2.6,Stats last updated,https://www.nbastuffer.com/2019-2020-nba-referee-stats/
2019-20,regular_season,Tom Washington,CREW,,29,8,0.75,5.125,223.375,42.25,0.4675,0.5325,-2.8,Stats last updated,https://www.nbastuffer.com/2019-2020-nba-referee-stats/
2019-20,regular_season,Eric Dalen,CHIEF,,12,9,0.444,2.556,237.444,39.667,0.5182,0.4818,1.4,Stats last updated,https://www.nbastuffer.com/2019-2020-nba-referee-stats/
2019-20,regular_season,Marc Davis,CREW,,22,13,0.462,-0.154,222.615,41.154,0.4748,0.5252,-2.1,Stats last updated,https://www.nbastuffer.com/2019-2020-nba-referee-stats/
2019-20,regular_season,Leon Wood,CREW,,25,12,0.5,2.75,237.75,42.417,0.4813,0.5187,-1.6,Stats last updated,https://www.nbastuffer.com/2019-2020-nba-referee-stats/
2019-20,regular_season,Kevin Cutler,CHIEF,,11,8,0.625,11.125,226.125,39.125,0.5112,0.4888,0.9,Stats last updated,https://www.nbastuffer.com/2019-2020-nba-referee-stats/
2019-20,regular_season,Mark Lindsay,CHIEF,,13,9,0.667,5.444,235.444,46.667,0.4738,0.5262,-2.4,Stats last updated,https://www.nbastuffer.com/2019-2020-nba-referee-stats/
2019-20,regular_season,Kevin Scott,CHIEF,,10,8,0.5,1.5,231.5,43.125,0.5101,0.4899,0.9,Stats last updated,https://www.nbastuffer.com/2019-2020-nba-referee-stats/
2019-20,regular_season,Brent Barnaky,CHIEF,,11,8,0.5,2.125,230.375,41.375,0.4924,0.5076,-0.6,Stats last updated,https://www.nbastuffer.com/2019-2020-nba-referee-stats/
2019-20,regular_season,Leroy Richardson,CREW,,25,8,0.75,9.375,229.625,36.75,0.5102,0.4898,0.8,Stats last updated,https://www.nbastuffer.com/2019-2020-nba-referee-stats/
2019-20,regular_season,Curtis Blair,CHIEF,,12,7,0.857,12.143,223,38.714,0.4945,0.5055,-0.4,Stats last updated,https://www.nbastuffer.com/2019-2020-nba-referee-stats/
2019-20,regular_season,Tre Maddox,CHIEF,,10,5,0.6,-1.6,225.6,40.6,0.5025,0.4975,0.2,Stats last updated,https://www.nbastuffer.com/2019-2020-nba-referee-stats/
2019-20,regular_season,Marat Kogut,CHIEF,,11,6,0.333,-2.333,231,43.667,0.5305,0.4695,2.7,Stats last updated,https://www.nbastuffer.com/2019-2020-nba-referee-stats/
2019-20,regular_season,James Williams,CHIEF,,11,8,0.5,-1.25,218.75,39.5,0.5,0.5,0,Stats last updated,https://www.nbastuffer.com/2019-2020-nba-referee-stats/
2019-20,regular_season,Ken Mauer,CREW,,32,4,0.75,9.5,221,39.75,0.478,0.522,-1.8,Stats last updated,https://www.nbastuffer.com/2019-2020-nba-referee-stats/
2019-20,regular_season,Nick Buchert,CHIEF,,11,3,0.667,5,208.333,44.667,0.5373,0.4627,3.3,Stats last updated,https://www.nbastuffer.com/2019-2020-nba-referee-stats/
2019-20,regular_season,Ben Taylor,CHIEF,,9,3,1,14,205.333,45.333,0.4412,0.5588,-5.3,Stats last updated,https://www.nbastuffer.com/2019-2020-nba-referee-stats/
2019-20,regular_season,Bill Spooner,CREW,,31,2,0,-15,234,39,0.5769,0.4231,6,Stats last updated,https://www.nbastuffer.com/2019-2020-nba-referee-stats/
2019-20,regular_season,Rodney Mott,CREW,,25,2,1,23,231,42.5,0.5765,0.4235,6.5,Stats last updated,https://www.nbastuffer.com/2019-2020-nba-referee-stats/
2019-20,regular_season,Scott Foster,CREW,,26,2,1,16.5,221.5,39.5,0.5949,0.4051,7.5,Stats last updated,https://www.nbastuffer.com/2019-2020-nba-referee-stats/
2019-20,regular_season,Karl Lane,CHIEF,,10,2,1,4.5,203.5,43,0.4884,0.5116,-1,Stats last updated,https://www.nbastuffer.com/2019-2020-nba-referee-stats/
2019-20,regular_season,Justin Van Duyne,CHIEF,,7,1,1,5,189,40,0.65,0.35,12,Stats last updated,https://www.nbastuffer.com/2019-2020-nba-referee-stats/
2019-20,regular_season,Jonathan Sterling,CHIEF,,3,1,1,8,200,34,0.4706,0.5294,-2,Stats last updated,https://www.nbastuffer.com/2019-2020-nba-referee-stats/
2019-20,regular_season,Matt Myers,CHIEF,,9,1,1,16,244,49,0.4694,0.5306,-3,Stats last updated,https://www.nbastuffer.com/2019-2020-nba-referee-stats/
2019-20,regular_season,Bennie Adams,CREW,,25,1,0,-2,204,36,0.5,0.5,0,Stats last updated,https://www.nbastuffer.com/2019-2020-nba-referee-stats/
2019-20,regular_season,Sean Corbin,CREW,,27,2,0.5,-8,219,35,0.5,0.5,0,Stats last updated,https://www.nbastuffer.com/2019-2020-nba-referee-stats/
2019-20,regular_season,Lauren Holtkamp,CHIEF,,8,1,0,-8,210,43,0.5116,0.4884,1,Stats last updated,https://www.nbastuffer.com/2019-2020-nba-referee-stats/
2019-20,regular_season,Bill Spooner,CHIEF,,31,1,1,29,219,49,0.4898,0.5102,-1,Stats last updated,https://www.nbastuffer.com/2019-2020-nba-referee-stats/
2019-20,regular_season,J.T. Orr,CHIEF,,11,1,0,-12,230,38,0.5,0.5,0,Stats last updated,https://www.nbastuffer.com/2019-2020-nba-referee-stats/
2019-20,regular_season,Bennie Adams,CHIEF,,25,1,0,-1,221,48,0.5625,0.4375,6,Stats last updated,https://www.nbastuffer.com/2019-2020-nba-referee-stats/
2019-20,regular_season,CJ Washington,CHIEF,,6,1,1,20,282,53,0.5094,0.4906,1,Stats last updated,https://www.nbastuffer.com/2019-2020-nba-referee-stats/
2019-20,regular_season,Haywoode Workman,CHIEF,,12,1,1,28,252,41,0.3902,0.6098,-9,Stats last updated,https://www.nbastuffer.com/2019-2020-nba-referee-stats/
2019-20,playoffs,James Capers,CHIEF,,25,14,0.286,-1.857,209.143,42.143,0.4729,0.5271,-2.3,Stats last updated,https://www.nbastuffer.com/2019-2020-nba-referee-stats/
2019-20,playoffs,Kane Fitzgerald,CREW,,11,14,0.571,6.143,220.143,43.214,0.5025,0.4975,0.2,Stats last updated,https://www.nbastuffer.com/2019-2020-nba-referee-stats/
2019-20,playoffs,Tony Brothers,CHIEF,,26,13,0.538,2.692,223,43.846,0.5298,0.4702,2.6,Stats last updated,https://www.nbastuffer.com/2019-2020-nba-referee-stats/
2019-20,playoffs,Josh Tiven,CREW,,11,11,0.636,4.273,215.545,42.091,0.4881,0.5119,-1,Stats last updated,https://www.nbastuffer.com/2019-2020-nba-referee-stats/
2019-20,playoffs,Marc Davis,CHIEF,,22,12,0.583,4.25,217.583,40.583,0.5236,0.4764,1.9,Stats last updated,https://www.nbastuffer.com/2019-2020-nba-referee-stats/
2019-20,playoffs,Kevin Scott,CREW,,10,10,0.6,3,216.8,41.9,0.5394,0.4606,3.3,Stats last updated,https://www.nbastuffer.com/2019-2020-nba-referee-stats/
2019-20,playoffs,John Goble,CREW,,13,11,0.455,2,224.364,46.455,0.4853,0.5147,-1.4,Stats last updated,https://www.nbastuffer.com/2019-2020-nba-referee-stats/
2019-20,playoffs,David Guthrie,CREW,,15,11,0.364,-3,208.091,44.455,0.4888,0.5112,-1,Stats last updated,https://www.nbastuffer.com/2019-2020-nba-referee-stats/
2019-20,playoffs,Eric Lewis,CREW,,16,11,0.545,4.182,215.455,45.273,0.4779,0.5221,-2,Stats last updated,https://www.nbastuffer.com/2019-2020-nba-referee-stats/
2019-20,playoffs,Scott Foster,CHIEF,,26,9,0.444,-3.889,220.556,43.667,0.5064,0.4936,0.6,Stats last updated,https://www.nbastuffer.com/2019-2020-nba-referee-stats/
2019-20,playoffs,Zach Zarba,CREW,,17,10,0.2,-6.6,213.2,41.6,0.5072,0.4928,0.6,Stats last updated,https://www.nbastuffer.com/2019-2020-nba-referee-stats/
2019-20,playoffs,Tre Maddox,CREW,,10,8,0.625,7.125,219.875,43.75,0.5229,0.4771,2,Stats last updated,https://www.nbastuffer.com/2019-2020-nba-referee-stats/
2019-20,playoffs,Sean Wright,CREW,,15,7,0.143,-4.429,233,48.286,0.5118,0.4882,1.1,Stats last updated,https://www.nbastuffer.com/2019-2020-nba-referee-stats/
2019-20,playoffs,Pat Fraher,CREW,,25,7,0.571,-0.714,218.143,39.143,0.5073,0.4927,0.6,Stats last updated,https://www.nbastuffer.com/2019-2020-nba-referee-stats/
2019-20,playoffs,James Williams,CREW,,11,6,0.667,4.167,219.167,45.167,0.4871,0.5129,-1.2,Stats last updated,https://www.nbastuffer.com/2019-2020-nba-referee-stats/
2019-20,playoffs,Bill Kennedy,CREW,,25,6,0.5,-1.5,201.5,40.333,0.5248,0.4752,2,Stats last updated,https://www.nbastuffer.com/2019-2020-nba-referee-stats/
2019-20,playoffs,Sean Corbin,CHIEF,,27,5,0.8,3.2,218.4,42.2,0.5498,0.4502,4.2,Stats last updated,https://www.nbastuffer.com/2019-2020-nba-referee-stats/
2019-20,playoffs,Curtis Blair,CREW,,12,5,0.8,9.2,244,45.4,0.511,0.489,1,Stats last updated,https://www.nbastuffer.com/2019-2020-nba-referee-stats/
2019-20,playoffs,Tyler Ford,CREW,,6,5,0.6,7.8,222.2,40.6,0.5271,0.4729,2.2,Stats last updated,https://www.nbastuffer.com/2019-2020-nba-referee-stats/
2019-20,playoffs,Rodney Mott,CREW,,25,5,0.2,-2,218.4,42.2,0.4929,0.5071,-0.6,Stats last updated,https://www.nbastuffer.com/2019-2020-nba-referee-stats/
2019-20,playoffs,Courtney Kirkland,CREW,,21,5,0.2,-6.8,222.8,48.8,0.5082,0.4918,0.8,Stats last updated,https://www.nbastuffer.com/2019-2020-nba-referee-stats/
2019-20,playoffs,Tony Brown,CREW,,18,5,0.6,4.2,218.2,43.6,0.5092,0.4908,0.8,Stats last updated,https://www.nbastuffer.com/2019-2020-nba-referee-stats/
2019-20,playoffs,Scott Foster,CREW,,26,5,0.8,5.4,220.6,44,0.5227,0.4773,2,Stats last updated,https://www.nbastuffer.com/2019-2020-nba-referee-stats/
2019-20,playoffs,Ben Taylor,CREW,,9,4,0.25,-9.5,232.5,47.25,0.5503,0.4497,4.8,Stats last updated,https://www.nbastuffer.com/2019-2020-nba-referee-stats/
2019-20,playoffs,Tony Brown,CHIEF,,18,5,0.4,3.4,224.6,45.8,0.4541,0.5459,-4.2,Stats last updated,https://www.nbastuffer.com/2019-2020-nba-referee-stats/
2019-20,playoffs,Derrick Collins,CREW,,21,3,0.333,-7.333,237.333,42.333,0.4803,0.5197,-1.7,Stats last updated,https://www.nbastuffer.com/2019-2020-nba-referee-stats/
2019-20,playoffs,Ed Malloy,CREW,,18,3,0.333,-3,224.333,45.333,0.4853,0.5147,-1.3,Stats last updated,https://www.nbastuffer.com/2019-2020-nba-referee-stats/
2019-20,playoffs,Pat Fraher,CHIEF,,25,3,0.333,2.333,232.333,45.333,0.5294,0.4706,2.7,Stats last updated,https://www.nbastuffer.com/2019-2020-nba-referee-stats/
2019-20,playoffs,Marc Davis,CREW,,22,3,0,-9,212.333,40,0.525,0.475,2,Stats last updated,https://www.nbastuffer.com/2019-2020-nba-referee-stats/
2019-20,playoffs,Bill Kennedy,CHIEF,,25,3,0.667,6,205.333,47.667,0.4825,0.5175,-1.7,Stats last updated,https://www.nbastuffer.com/2019-2020-nba-referee-stats/
2019-20,playoffs,Leon Wood,CHIEF,,25,2,1,18,235,49.5,0.5657,0.4343,6.5,Stats last updated,https://www.nbastuffer.com/2019-2020-nba-referee-stats/
2019-20,playoffs,Michael Smith,CHIEF,,27,2,0,-16.5,228.5,36,0.5278,0.4722,2,Stats last updated,https://www.nbastuffer.com/2019-2020-nba-referee-stats/
2019-20,playoffs,Brian Forte,CREW,,15,2,1,3.5,229.5,44.5,0.5506,0.4494,4.5,Stats last updated,https://www.nbastuffer.com/2019-2020-nba-referee-stats/
2019-20,playoffs,Dedric Taylor,CREW,,7,2,0.5,9.5,207.5,44.5,0.4719,0.5281,-2.5,Stats last updated,https://www.nbastuffer.com/2019-2020-nba-referee-stats/
2019-20,playoffs,Kevin Cutler,CREW,,11,2,0.5,-11.5,238.5,41,0.5366,0.4634,3,Stats last updated,https://www.nbastuffer.com/2019-2020-nba-referee-stats/
2019-20,playoffs,Eric Lewis,CHIEF,,16,2,0.5,16.5,213.5,47,0.5213,0.4787,2,Stats last updated,https://www.nbastuffer.com/2019-2020-nba-referee-stats/
2019-20,playoffs,Gediminas Petraitis,CREW,,6,2,1,12.5,197.5,33,0.5303,0.4697,2,Stats last updated,https://www.nbastuffer.com/2019-2020-nba-referee-stats/
2019-20,playoffs,Ed Malloy,CHIEF,,18,2,0,-15,210,43,0.4535,0.5465,-4,Stats last updated,https://www.nbastuffer.com/2019-2020-nba-referee-stats/
2019-20,playoffs,Zach Zarba,CHIEF,,17,2,1,12.5,242.5,46,0.4783,0.5217,-2,Stats last updated,https://www.nbastuffer.com/2019-2020-nba-referee-stats/
2019-20,playoffs,Rodney Mott,CHIEF,,25,2,0,-15.5,234.5,51,0.5,0.5,0,Stats last updated,https://www.nbastuffer.com/2019-2020-nba-referee-stats/
2019-20,playoffs,Courtney Kirkland,CHIEF,,21,2,0,-17,213,43.5,0.4942,0.5058,-0.5,Stats last updated,https://www.nbastuffer.com/2019-2020-nba-referee-stats/
2019-20,playoffs,Mark Ayotte,CHIEF,,25,1,1,8,228,45,0.4667,0.5333,-3,Stats last updated,https://www.nbastuffer.com/2019-2020-nba-referee-stats/
2019-20,playoffs,David Guthrie,CHIEF,,15,1,1,15,207,44,0.4091,0.5909,-8,Stats last updated,https://www.nbastuffer.com/2019-2020-nba-referee-stats/
2019-20,playoffs,Mark Ayotte,CREW,,25,1,0,-8,224,46,0.4565,0.5435,-4,Stats last updated,https://www.nbastuffer.com/2019-2020-nba-referee-stats/
2019-20,playoffs,Sean Wright,CHIEF,,15,1,0,-15,209,39,0.4872,0.5128,-1,Stats last updated,https://www.nbastuffer.com/2019-2020-nba-referee-stats/
2019-20,playoffs,Sean Corbin,CREW,,27,1,0,-3,201,39,0.5128,0.4872,1,Stats last updated,https://www.nbastuffer.com/2019-2020-nba-referee-stats/
2019-20,playoffs,John Goble,CHIEF,,13,1,1,13,229,52,0.5577,0.4423,6,Stats last updated,https://www.nbastuffer.com/2019-2020-nba-referee-stats/
2019-20,playoffs,Josh Tiven,CHIEF,,11,1,1,13,209,40,0.55,0.45,4,Stats last updated,https://www.nbastuffer.com/2019-2020-nba-referee-stats/
2018-19,regular_season,Mike Callahan,CHIEF,,28,15,0.533,4.133,218.4,44.667,0.5,0.5,0,Stats last updated,https://www.nbastuffer.com/2018-2019-nba-referee-stats/
2018-19,regular_season,James Capers,CHIEF,,23,14,0.643,3,217.143,43.429,0.5263,0.4737,2.3,Stats last updated,https://www.nbastuffer.com/2018-2019-nba-referee-stats/
2018-19,regular_season,Tony Brothers,CHIEF,,24,13,0.615,8.077,202.538,42,0.511,0.489,0.9,Stats last updated,https://www.nbastuffer.com/2018-2019-nba-referee-stats/
2018-19,regular_season,Zach Zarba,CREW,,15,11,0.545,1.182,208.455,41.818,0.5152,0.4848,1.3,Stats last updated,https://www.nbastuffer.com/2018-2019-nba-referee-stats/
2018-19,regular_season,Scott Foster,CHIEF,,24,9,0.556,2,220.222,48.889,0.4886,0.5114,-1.1,Stats last updated,https://www.nbastuffer.com/2018-2019-nba-referee-stats/
2018-19,regular_season,Jason Phillips,CREW,,23,11,0.545,3,215.182,45.455,0.498,0.502,-0.2,Stats last updated,https://www.nbastuffer.com/2018-2019-nba-referee-stats/
2018-19,regular_season,Ken Mauer,CHIEF,,30,8,0.375,-2,222.25,47.625,0.4908,0.5092,-0.9,Stats last updated,https://www.nbastuffer.com/2018-2019-nba-referee-stats/
2018-19,regular_season,Sean Wright,CREW,,13,9,0.778,7.778,213.556,42.111,0.5383,0.4617,3.2,Stats last updated,https://www.nbastuffer.com/2018-2019-nba-referee-stats/
2018-19,regular_season,Eric Lewis,CREW,,14,10,0.7,8.3,216.5,45,0.5089,0.4911,0.8,Stats last updated,https://www.nbastuffer.com/2018-2019-nba-referee-stats/
2018-19,regular_season,Marc Davis,CREW,,20,9,0.667,13.111,207.778,42,0.4735,0.5265,-2.2,Stats last updated,https://www.nbastuffer.com/2018-2019-nba-referee-stats/
2018-19,regular_season,John Goble,CREW,,11,10,0.5,3,218.8,46.2,0.513,0.487,1.2,Stats last updated,https://www.nbastuffer.com/2018-2019-nba-referee-stats/
2018-19,regular_season,David Guthrie,CREW,,13,11,0.455,0.455,215,45.818,0.502,0.498,0.2,Stats last updated,https://www.nbastuffer.com/2018-2019-nba-referee-stats/
2018-19,regular_season,Josh Tiven,CREW,,9,7,0.429,2.286,216.571,46.571,0.5061,0.4939,0.6,Stats last updated,https://www.nbastuffer.com/2018-2019-nba-referee-stats/
2018-19,regular_season,Tony Brown,CREW,,16,6,0.667,6.833,224.5,46.833,0.4982,0.5018,-0.2,Stats last updated,https://www.nbastuffer.com/2018-2019-nba-referee-stats/
2018-19,regular_season,Kane Fitzgerald,CREW,,9,7,0.571,1.143,220,44.571,0.4904,0.5096,-0.9,Stats last updated,https://www.nbastuffer.com/2018-2019-nba-referee-stats/
2018-19,regular_season,Ed Malloy,CREW,,16,8,0.625,2.375,215.625,44.375,0.5268,0.4732,2.4,Stats last updated,https://www.nbastuffer.com/2018-2019-nba-referee-stats/
2018-19,regular_season,Pat Fraher,CREW,,23,6,0.333,4.167,212.833,40.833,0.5061,0.4939,0.5,Stats last updated,https://www.nbastuffer.com/2018-2019-nba-referee-stats/
2018-19,regular_season,Michael Smith,CREW,,25,5,0.2,-6.6,206.6,42.2,0.5166,0.4834,1.4,Stats last updated,https://www.nbastuffer.com/2018-2019-nba-referee-stats/
2018-19,regular_season,Leon Wood,CREW,,23,4,0.5,2.75,219.25,47.75,0.5078,0.4922,0.8,Stats last updated,https://www.nbastuffer.com/2018-2019-nba-referee-stats/
2018-19,regular_season,Kevin Scott,CREW,,8,5,0.6,5.8,223.8,40.4,0.5099,0.4901,0.8,Stats last updated,https://www.nbastuffer.com/2018-2019-nba-referee-stats/
2018-19,regular_season,Rodney Mott,CREW,,23,5,0.8,11.4,230.2,46.8,0.5043,0.4957,0.4,Stats last updated,https://www.nbastuffer.com/2018-2019-nba-referee-stats/
2018-19,regular_season,Tom Washington,CHIEF,,27,4,0.75,7.75,210.75,40.75,0.5092,0.4908,0.8,Stats last updated,https://www.nbastuffer.com/2018-2019-nba-referee-stats/
2018-19,regular_season,Derrick Collins,CREW,,19,4,0.25,-10,220,43.5,0.4828,0.5172,-1.5,Stats last updated,https://www.nbastuffer.com/2018-2019-nba-referee-stats/
2018-19,regular_season,Mark Lindsay,CREW,,11,3,0.667,4.667,220,43,0.5039,0.4961,0.3,Stats last updated,https://www.nbastuffer.com/2018-2019-nba-referee-stats/
2018-19,regular_season,Scott Wall,CREW,,23,3,0.333,-3.667,195.667,44.333,0.5038,0.4962,0.3,Stats last updated,https://www.nbastuffer.com/2018-2019-nba-referee-stats/
2018-19,regular_season,Nick Buchert,CREW,,9,3,0.667,7,232.333,55.333,0.5241,0.4759,2.7,Stats last updated,https://www.nbastuffer.com/2018-2019-nba-referee-stats/
2018-19,regular_season,Courtney Kirkland,CREW,,19,3,0.333,-5.667,231.667,47,0.5248,0.4752,2.3,Stats last updated,https://www.nbastuffer.com/2018-2019-nba-referee-stats/
2018-19,regular_season,Marc Davis,CHIEF,,20,5,0.2,-3.6,230,48,0.5167,0.4833,1.6,Stats last updated,https://www.nbastuffer.com/2018-2019-nba-referee-stats/
2018-19,regular_season,Courtney Kirkland,CHIEF,,19,3,1,12.667,217.333,41.333,0.4919,0.5081,-0.7,Stats last updated,https://www.nbastuffer.com/2018-2019-nba-referee-stats/
2018-19,regular_season,Tom Washington,CREW,,27,4,0.75,6.5,207,45.25,0.4972,0.5028,-0.3,Stats last updated,https://www.nbastuffer.com/2018-2019-nba-referee-stats/
2018-19,regular_season,Rodney Mott,CHIEF,,23,3,0.667,2.333,209,42.333,0.5276,0.4724,2.3,Stats last updated,https://www.nbastuffer.com/2018-2019-nba-referee-stats/
2018-19,regular_season,Tre Maddox,CREW,,8,3,0.667,10.667,207.333,41,0.4634,0.5366,-3,Stats last updated,https://www.nbastuffer.com/2018-2019-nba-referee-stats/
2018-19,regular_season,Brent Barnaky,CREW,,9,2,0,-8.5,215.5,49.5,0.5454,0.4546,4.5,Stats last updated,https://www.nbastuffer.com/2018-2019-nba-referee-stats/
2018-19,regular_season,Curtis Blair,CREW,,10,2,0.5,-5.5,212.5,44.5,0.5393,0.4607,3.5,Stats last updated,https://www.nbastuffer.com/2018-2019-nba-referee-stats/
2018-19,regular_season,Kevin Cutler,CREW,,9,2,0.5,15.5,213.5,43.5,0.5172,0.4828,1.5,Stats last updated,https://www.nbastuffer.com/2018-2019-nba-referee-stats/
2018-19,regular_season,Ed Malloy,CHIEF,,16,2,0.5,3,223,45.5,0.4945,0.5055,-0.5,Stats last updated,https://www.nbastuffer.com/2018-2019-nba-referee-stats/
2018-19,regular_season,Ben Taylor,CREW,,7,2,0.5,2.5,219.5,42,0.5119,0.4881,1,Stats last updated,https://www.nbastuffer.com/2018-2019-nba-referee-stats/
2018-19,regular_season,Brian Forte,CREW,,13,2,1,16,190,37,0.446,0.5541,-4,Stats last updated,https://www.nbastuffer.com/2018-2019-nba-referee-stats/
2018-19,regular_season,Pat Fraher,CHIEF,,23,3,0,-10.333,207.667,43.333,0.5231,0.4769,2,Stats last updated,https://www.nbastuffer.com/2018-2019-nba-referee-stats/
2018-19,regular_season,Karl Lane,CREW,,8,2,0.5,-2,195,40,0.5,0.5,0,Stats last updated,https://www.nbastuffer.com/2018-2019-nba-referee-stats/
2018-19,regular_season,Michael Smith,CHIEF,,25,1,1,32,212,40,0.5,0.5,0,Stats last updated,https://www.nbastuffer.com/2018-2019-nba-referee-stats/
2018-19,regular_season,Dedric Taylor,CREW,,5,1,1,22,268,47,0.5106,0.4894,1,Stats last updated,https://www.nbastuffer.com/2018-2019-nba-referee-stats/
2018-19,regular_season,Scott Wall,CHIEF,,23,1,1,29,193,41,0.439,0.561,-5,Stats last updated,https://www.nbastuffer.com/2018-2019-nba-referee-stats/
2018-19,regular_season,Scott Foster,CREW,,24,2,0.5,-1.5,197.5,45.5,0.5165,0.4835,1.5,Stats last updated,https://www.nbastuffer.com/2018-2019-nba-referee-stats/
2018-19,regular_season,Ken Mauer,CREW,,30,2,1,10.5,223.5,44,0.5,0.5,0,Stats last updated,https://www.nbastuffer.com/2018-2019-nba-referee-stats/
2018-19,regular_season,Zach Zarba,CHIEF,,15,1,1,8,208,37,0.5676,0.4324,5,Stats last updated,https://www.nbastuffer.com/2018-2019-nba-referee-stats/
2018-19,regular_season,Ray Acosta,CREW,,1,58,0.603,2.9,220.7,42.8,0.501,0.499,0.1,Stats last updated,https://www.nbastuffer.com/2018-2019-nba-referee-stats/
2018-19,regular_season,Brandon Adair,CREW,,1,44,0.5,0.7,217.6,41.4,0.49,0.51,-0.8,Stats last updated,https://www.nbastuffer.com/2018-2019-nba-referee-stats/
2018-19,regular_season,Mark Ayotte,CREW,,23,39,0.795,7,224,42.7,0.516,0.485,1.4,Stats last updated,https://www.nbastuffer.com/2018-2019-nba-referee-stats/
2018-19,regular_season,Mark Ayotte,CHIEF,,23,25,0.56,2.2,220.8,43.1,0.495,0.506,-0.5,Stats last updated,https://www.nbastuffer.com/2018-2019-nba-referee-stats/
2018-19,regular_season,Brent Barnaky,CREW,,9,58,0.448,-1.4,221.8,40.6,0.498,0.502,-0.2,Stats last updated,https://www.nbastuffer.com/2018-2019-nba-referee-stats/
2018-19,regular_season,Brent Barnaky,CHIEF,,9,3,0.667,3,239.7,45,0.548,0.452,4.3,Stats last updated,https://www.nbastuffer.com/2018-2019-nba-referee-stats/
2018-19,regular_season,Curtis Blair,CREW,,10,52,0.5,-0.2,222.9,41.2,0.501,0.499,0.1,Stats last updated,https://www.nbastuffer.com/2018-2019-nba-referee-stats/
2018-19,regular_season,Curtis Blair,CHIEF,,10,10,0.6,-1.1,217.9,42.2,0.543,0.457,3.6,Stats last updated,https://www.nbastuffer.com/2018-2019-nba-referee-stats/
2018-19,regular_season,Matt Boland,CREW,,19,36,0.5,-0.5,225.4,43.4,0.509,0.49,0.8,Stats last updated,https://www.nbastuffer.com/2018-2019-nba-referee-stats/
2018-19,regular_season,Matt Boland,CHIEF,,19,23,0.391,-1.6,218.6,42.2,0.51,0.49,0.8,Stats last updated,https://www.nbastuffer.com/2018-2019-nba-referee-stats/
2018-19,regular_season,Tony Brothers,CHIEF,,24,63,0.651,5.7,222.8,43.3,0.506,0.493,0.6,Stats last updated,https://www.nbastuffer.com/2018-2019-nba-referee-stats/
2018-19,regular_season,Tony Brown,CREW,,16,39,0.564,2.8,218.5,41.3,0.502,0.499,0.1,Stats last updated,https://www.nbastuffer.com/2018-2019-nba-referee-stats/
2018-19,regular_season,Tony Brown,CHIEF,,16,23,0.652,5.3,229,41.1,0.5,0.5,0,Stats last updated,https://www.nbastuffer.com/2018-2019-nba-referee-stats/
2018-19,regular_season,Nick Buchert,CREW,,9,62,0.661,3.3,222.4,41.9,0.507,0.494,0.5,Stats last updated,https://www.nbastuffer.com/2018-2019-nba-referee-stats/
2018-19,regular_season,Nick Buchert,CHIEF,,9,2,0.5,2,216,48,0.479,0.521,-2,Stats last updated,https://www.nbastuffer.com/2018-2019-nba-referee-stats/
2018-19,regular_season,John Butler,CREW,,0,9,0.667,4.2,216.7,39.2,0.49,0.51,-0.8,Stats last updated,https://www.nbastuffer.com/2018-2019-nba-referee-stats/
2018-19,regular_season,Mike Callahan,CHIEF,,28,59,0.712,5.6,220.4,39.6,0.511,0.489,0.9,Stats last updated,https://www.nbastuffer.com/2018-2019-nba-referee-stats/
2018-19,regular_season,James Capers,CHIEF,,23,60,0.617,2.9,220.4,42.5,0.517,0.483,1.5,Stats last updated,https://www.nbastuffer.com/2018-2019-nba-referee-stats/
2018-19,regular_season,Derrick Collins,CREW,,19,34,0.588,0.3,222.5,40.3,0.506,0.493,0.5,Stats last updated,https://www.nbastuffer.com/2018-2019-nba-referee-stats/
2018-19,regular_season,Derrick Collins,CHIEF,,19,26,0.615,6,214.6,39.7,0.506,0.494,0.5,Stats last updated,https://www.nbastuffer.com/2018-2019-nba-referee-stats/
2018-19,regular_season,Sean Corbin,CHIEF,,25,21,0.619,3,223.6,42,0.536,0.464,3,Stats last updated,https://www.nbastuffer.com/2018-2019-nba-referee-stats/
2018-19,regular_season,Kevin Cutler,CREW,,9,52,0.5,-0.8,228.8,40.6,0.516,0.485,1.3,Stats last updated,https://www.nbastuffer.com/2018-2019-nba-referee-stats/
2018-19,regular_season,Kevin Cutler,CHIEF,,9,4,0.5,7.3,232.8,44.8,0.508,0.491,0.8,Stats last updated,https://www.nbastuffer.com/2018-2019-nba-referee-stats/
2018-19,regular_season,Mousa Dagher,CREW,,0,33,0.545,3.8,221.5,42.9,0.49,0.511,-0.9,Stats last updated,https://www.nbastuffer.com/2018-2019-nba-referee-stats/
2018-19,regular_season,Eric Dalen,CREW,,10,55,0.564,1.4,220.5,39.8,0.5,0.5,0,Stats last updated,https://www.nbastuffer.com/2018-2019-nba-referee-stats/
2018-19,regular_season,Eric Dalen,CHIEF,,10,5,0.6,0.6,213.4,39.2,0.551,0.449,4,Stats last updated,https://www.nbastuffer.com/2018-2019-nba-referee-stats/
2018-19,regular_season,Marc Davis,CREW,,20,20,0.35,-5.1,223.8,40.1,0.505,0.494,0.5,Stats last updated,https://www.nbastuffer.com/2018-2019-nba-referee-stats/
2018-19,regular_season,Marc Davis,CHIEF,,20,43,0.605,3.1,222,40.8,0.504,0.495,0.3,Stats last updated,https://www.nbastuffer.com/2018-2019-nba-referee-stats/
2018-19,regular_season,JB DeRosa,CREW,,1,12,0.667,5.5,214.5,40.2,0.514,0.485,1.2,Stats last updated,https://www.nbastuffer.com/2018-2019-nba-referee-stats/
2018-19,regular_season,JB DeRosa,CHIEF,,1,43,0.651,3.7,223.1,41.1,0.502,0.499,0.1,Stats last updated,https://www.nbastuffer.com/2018-2019-nba-referee-stats/
2018-19,regular_season,Mitchell Ervin,CREW,,4,58,0.603,2.3,226.2,45.7,0.495,0.504,-0.4,Stats last updated,https://www.nbastuffer.com/2018-2019-nba-referee-stats/
2018-19,regular_season,Kane Fitzgerald,CREW,,9,50,0.68,3.2,224,42,0.506,0.493,0.5,Stats last updated,https://www.nbastuffer.com/2018-2019-nba-referee-stats/
2018-19,regular_season,Kane Fitzgerald,CHIEF,,9,14,0.5,2.3,216.9,42.2,0.484,0.516,-1.4,Stats last updated,https://www.nbastuffer.com/2018-2019-nba-referee-stats/
2018-19,regular_season,Tyler Ford,CREW,,4,64,0.641,4.3,224.1,42,0.51,0.49,0.8,Stats last updated,https://www.nbastuffer.com/2018-2019-nba-referee-stats/
2018-19,regular_season,Brian Forte,CREW,,12,51,0.627,4.5,218.7,41.5,0.503,0.497,0.2,Stats last updated,https://www.nbastuffer.com/2018-2019-nba-referee-stats/
2018-19,regular_season,Brian Forte,CHIEF,,12,13,0.385,1.9,219,42.7,0.508,0.492,0.7,Stats last updated,https://www.nbastuffer.com/2018-2019-nba-referee-stats/
2018-19,regular_season,Scott Foster,CREW,,24,1,0,-1,225,44,0.568,0.432,6,Stats last updated,https://www.nbastuffer.com/2018-2019-nba-referee-stats/
2018-19,regular_season,Scott Foster,CHIEF,,24,63,0.683,4.5,221.4,42.2,0.504,0.497,0.3,Stats last updated,https://www.nbastuffer.com/2018-2019-nba-referee-stats/
2018-19,regular_season,Pat Fraher,CREW,,23,25,0.6,1.8,218.4,40.6,0.502,0.499,0.2,Stats last updated,https://www.nbastuffer.com/2018-2019-nba-referee-stats/
2018-19,regular_season,Pat Fraher,CHIEF,,23,40,0.55,5.5,218.2,41.1,0.496,0.502,-0.3,Stats last updated,https://www.nbastuffer.com/2018-2019-nba-referee-stats/
2018-19,regular_season,Ron Garretson,CREW,,30,12,0.5,-1.1,213.1,41,0.524,0.476,2,Stats last updated,https://www.nbastuffer.com/2018-2019-nba-referee-stats/
2018-19,regular_season,Ron Garretson,CHIEF,,30,48,0.625,3.6,216.1,39,0.522,0.477,1.8,Stats last updated,https://www.nbastuffer.com/2018-2019-nba-referee-stats/
2018-19,regular_season,Jacyn Goble,CREW,,2,49,0.551,3.6,228.5,44.7,0.508,0.492,0.7,Stats last updated,https://www.nbastuffer.com/2018-2019-nba-referee-stats/
2018-19,regular_season,John Goble,CREW,,11,40,0.575,2.9,223.3,41.4,0.51,0.49,0.9,Stats last updated,https://www.nbastuffer.com/2018-2019-nba-referee-stats/
2018-19,regular_season,John Goble,CHIEF,,11,23,0.565,3.4,221.7,43.9,0.481,0.518,-1.6,Stats last updated,https://www.nbastuffer.com/2018-2019-nba-referee-stats/
2018-19,regular_season,Jason Goldenberg,CREW,,2,49,0.531,0.9,221.7,42.2,0.507,0.494,0.5,Stats last updated,https://www.nbastuffer.com/2018-2019-nba-referee-stats/
2018-19,regular_season,Nate Green,CREW,,0,9,0.222,-2.6,228.6,38,0.506,0.494,0.4,Stats last updated,https://www.nbastuffer.com/2018-2019-nba-referee-stats/
2018-19,regular_season,David Guthrie,CREW,,13,33,0.606,2.8,222.4,39.5,0.512,0.488,0.9,Stats last updated,https://www.nbastuffer.com/2018-2019-nba-referee-stats/
2018-19,regular_season,David Guthrie,CHIEF,,13,28,0.571,1.3,228.5,42.2,0.488,0.512,-1,Stats last updated,https://www.nbastuffer.com/2018-2019-nba-referee-stats/
2018-19,regular_season,Courtney Kirkland,CREW,,19,31,0.548,2.9,218.4,41.3,0.506,0.493,0.5,Stats last updated,https://www.nbastuffer.com/2018-2019-nba-referee-stats/
2018-19,regular_season,Courtney Kirkland,CHIEF,,19,30,0.567,1.8,220,41.8,0.506,0.493,0.6,Stats last updated,https://www.nbastuffer.com/2018-2019-nba-referee-stats/
2018-19,regular_season,Marat Kogut,CREW,,9,58,0.569,3.5,222.1,43.1,0.506,0.495,0.5,Stats last updated,https://www.nbastuffer.com/2018-2019-nba-referee-stats/
2018-19,regular_season,Marat Kogut,CHIEF,,9,6,0.833,8.7,239.3,42,0.52,0.48,1.7,Stats last updated,https://www.nbastuffer.com/2018-2019-nba-referee-stats/
2018-19,regular_season,Karl Lane,CREW,,8,63,0.571,2,228.1,45.5,0.5,0.501,-0.1,Stats last updated,https://www.nbastuffer.com/2018-2019-nba-referee-stats/
2018-19,regular_season,Karl Lane,CHIEF,,8,1,1,16,224,43,0.395,0.605,-9,Stats last updated,https://www.nbastuffer.com/2018-2019-nba-referee-stats/
2018-19,regular_season,Eric Lewis,CREW,,14,21,0.619,-2.5,222.1,44.4,0.513,0.487,1.1,Stats last updated,https://www.nbastuffer.com/2018-2019-nba-referee-stats/
2018-19,regular_season,Eric Lewis,CHIEF,,14,42,0.548,0.1,222.1,42.5,0.521,0.48,1.8,Stats last updated,https://www.nbastuffer.com/2018-2019-nba-referee-stats/
2018-19,regular_season,Mark Lindsay,CREW,,11,55,0.564,0.4,224.9,41.7,0.505,0.496,0.4,Stats last updated,https://www.nbastuffer.com/2018-2019-nba-referee-stats/
2018-19,regular_season,Mark Lindsay,CHIEF,,11,8,0.75,6.3,210.8,42.4,0.537,0.463,3.1,Stats last updated,https://www.nbastuffer.com/2018-2019-nba-referee-stats/
2018-19,regular_season,Tre Maddox,CREW,,8,60,0.65,4,223.5,41,0.502,0.498,0.2,Stats last updated,https://www.nbastuffer.com/2018-2019-nba-referee-stats/
2018-19,regular_season,Ed Malloy,CREW,,16,33,0.636,4.9,212.2,39.1,0.515,0.484,1.2,Stats last updated,https://www.nbastuffer.com/2018-2019-nba-referee-stats/
2018-19,regular_season,Ed Malloy,CHIEF,,16,32,0.656,4.2,230.6,42.1,0.521,0.479,1.8,Stats last updated,https://www.nbastuffer.com/2018-2019-nba-referee-stats/
2018-19,regular_season,Ken Mauer,CREW,,30,3,1,15.3,226.7,39.3,0.45,0.551,-4,Stats last updated,https://www.nbastuffer.com/2018-2019-nba-referee-stats/
2018-19,regular_season,Ken Mauer,CHIEF,,30,56,0.536,1.3,220.1,41.7,0.498,0.501,-0.1,Stats last updated,https://www.nbastuffer.com/2018-2019-nba-referee-stats/
2018-19,regular_season,Rodney Mott,CREW,,23,6,0.667,2,225,39.5,0.498,0.502,-0.2,Stats last updated,https://www.nbastuffer.com/2018-2019-nba-referee-stats/
2018-19,regular_season,Rodney Mott,CHIEF,,23,58,0.621,3.3,221.4,41.3,0.491,0.508,-0.7,Stats last updated,https://www.nbastuffer.com/2018-2019-nba-referee-stats/
2018-19,regular_season,Ashley Moyer-Gleich,CREW,,0,31,0.645,4.6,215.1,39,0.524,0.476,1.8,Stats last updated,https://www.nbastuffer.com/2018-2019-nba-referee-stats/
2018-19,regular_season,Matt Myers,CREW,,7,33,0.636,3.3,224.6,40.9,0.502,0.498,0.2,Stats last updated,https://www.nbastuffer.com/2018-2019-nba-referee-stats/
2018-19,regular_season,Brett Nansel,CREW,,4,44,0.75,6.7,220.6,42.5,0.489,0.51,-0.9,Stats last updated,https://www.nbastuffer.com/2018-2019-nba-referee-stats/
2018-19,regular_season,J.T. Orr,CREW,,9,60,0.567,4.1,221.6,41.9,0.493,0.506,-0.6,Stats last updated,https://www.nbastuffer.com/2018-2019-nba-referee-stats/
2018-19,regular_season,J.T. Orr,CHIEF,,9,1,0,-12,196,45,0.467,0.533,-3,Stats last updated,https://www.nbastuffer.com/2018-2019-nba-referee-stats/
2018-19,regular_season,Gediminas Petraitis,CREW,,4,64,0.672,4.3,218,41.1,0.486,0.515,-1.2,Stats last updated,https://www.nbastuffer.com/2018-2019-nba-referee-stats/
2018-19,regular_season,Jason Phillips,CREW,,23,15,0.733,5.3,225.1,41.8,0.518,0.482,1.5,Stats last updated,https://www.nbastuffer.com/2018-2019-nba-referee-stats/
2018-19,regular_season,Jason Phillips,CHIEF,,23,48,0.604,2,226.9,41.8,0.502,0.497,0.2,Stats last updated,https://www.nbastuffer.com/2018-2019-nba-referee-stats/
2018-19,regular_season,Phenizee Ransom,CREW,,2,32,0.375,-3.6,221.2,42.4,0.492,0.509,-0.8,Stats last updated,https://www.nbastuffer.com/2018-2019-nba-referee-stats/
2018-19,regular_season,Leroy Richardson,CREW,,23,25,0.6,6.7,222.7,41.2,0.509,0.491,0.7,Stats last updated,https://www.nbastuffer.com/2018-2019-nba-referee-stats/
2018-19,regular_season,Derek Richardson,CREW,,23,14,0.5,-0.4,226.4,39.6,0.518,0.483,1.4,Stats last updated,https://www.nbastuffer.com/2018-2019-nba-referee-stats/
2018-19,regular_season,Derek Richardson,CHIEF,,23,36,0.528,2.2,227.6,40.9,0.503,0.496,0.3,Stats last updated,https://www.nbastuffer.com/2018-2019-nba-referee-stats/
2018-19,regular_season,Leroy Richardson,CHIEF,,23,27,0.593,1.5,223.7,40.5,0.496,0.505,-0.4,Stats last updated,https://www.nbastuffer.com/2018-2019-nba-referee-stats/
2018-19,regular_season,Natalie Sago,CREW,,0,31,0.548,2.8,217.9,42,0.515,0.485,1.3,Stats last updated,https://www.nbastuffer.com/2018-2019-nba-referee-stats/
2018-19,regular_season,Evan Scott,CREW,,0,10,0.5,5.5,220.5,41,0.537,0.463,3,Stats last updated,https://www.nbastuffer.com/2018-2019-nba-referee-stats/
2018-19,regular_season,Kevin Scott,CREW,,8,54,0.648,3.9,221.6,41,0.5,0.5,0,Stats last updated,https://www.nbastuffer.com/2018-2019-nba-referee-stats/
2018-19,regular_season,Kevin Scott,CHIEF,,8,6,0.333,-8.2,222.2,42.8,0.502,0.498,0.2,Stats last updated,https://www.nbastuffer.com/2018-2019-nba-referee-stats/
2018-19,regular_season,Aaron Smith,CREW,,3,59,0.627,2.4,224.9,42.1,0.511,0.488,1,Stats last updated,https://www.nbastuffer.com/2018-2019-nba-referee-stats/
2018-19,regular_season,Michael Smith,CREW,,25,23,0.739,5.7,219.8,41,0.524,0.477,1.9,Stats last updated,https://www.nbastuffer.com/2018-2019-nba-referee-stats/
2018-19,regular_season,Michael Smith,CHIEF,,25,33,0.455,-2,225.8,45.7,0.505,0.494,0.5,Stats last updated,https://www.nbastuffer.com/2018-2019-nba-referee-stats/
2018-19,regular_season,Jonathan Sterling,CREW,,1,46,0.63,-0.5,225.3,42.2,0.514,0.486,1.2,Stats last updated,https://www.nbastuffer.com/2018-2019-nba-referee-stats/
2018-19,regular_season,Dedric Taylor,CREW,,5,64,0.609,3.2,221.7,40.9,0.517,0.482,1.4,Stats last updated,https://www.nbastuffer.com/2018-2019-nba-referee-stats/
2018-19,regular_season,Ben Taylor,CREW,,7,63,0.619,4.3,224.1,42.6,0.5,0.499,0.1,Stats last updated,https://www.nbastuffer.com/2018-2019-nba-referee-stats/
2018-19,regular_season,Ben Taylor,CHIEF,,7,1,1,2,208,38,0.474,0.526,-2,Stats last updated,https://www.nbastuffer.com/2018-2019-nba-referee-stats/
2018-19,regular_season,Josh Tiven,CREW,,9,45,0.6,2,223.8,41.7,0.509,0.492,0.7,Stats last updated,https://www.nbastuffer.com/2018-2019-nba-referee-stats/
2018-19,regular_season,Josh Tiven,CHIEF,,9,19,0.421,-0.8,225.7,42.7,0.491,0.51,-0.8,Stats last updated,https://www.nbastuffer.com/2018-2019-nba-referee-stats/
2018-19,regular_season,Scott Twardoski,CREW,,9,62,0.677,7.5,225.6,42.5,0.502,0.498,0.2,Stats last updated,https://www.nbastuffer.com/2018-2019-nba-referee-stats/
2018-19,regular_season,Scott Twardoski,CHIEF,,9,2,1,6.5,231.5,45.5,0.571,0.429,6.5,Stats last updated,https://www.nbastuffer.com/2018-2019-nba-referee-stats/
2018-19,regular_season,Justin Van Duyne,CREW,,5,49,0.714,6,217,39.8,0.521,0.48,1.6,Stats last updated,https://www.nbastuffer.com/2018-2019-nba-referee-stats/
2018-19,regular_season,Scott Wall,CREW,,23,19,0.579,4.9,219.8,43.6,0.497,0.502,-0.2,Stats last updated,https://www.nbastuffer.com/2018-2019-nba-referee-stats/
2018-19,regular_season,Scott Wall,CHIEF,,23,37,0.405,-0.8,218.7,39.7,0.509,0.491,0.7,Stats last updated,https://www.nbastuffer.com/2018-2019-nba-referee-stats/
2018-19,regular_season,CJ Washington,CREW,,4,39,0.615,4.1,220.2,43.2,0.499,0.5,-0.1,Stats last updated,https://www.nbastuffer.com/2018-2019-nba-referee-stats/
2018-19,regular_season,CJ Washington,CHIEF,,4,2,1,14,252,47.5,0.526,0.474,2.5,Stats last updated,https://www.nbastuffer.com/2018-2019-nba-referee-stats/
2018-19,regular_season,Tom Washington,CREW,,27,10,0.4,-1,222.4,39.7,0.476,0.524,-1.9,Stats last updated,https://www.nbastuffer.com/2018-2019-nba-referee-stats/
2018-19,regular_season,Tom Washington,CHIEF,,27,50,0.56,3.2,222.1,42.6,0.505,0.494,0.5,Stats last updated,https://www.nbastuffer.com/2018-2019-nba-referee-stats/
2018-19,regular_season,James Williams,CREW,,9,63,0.571,1.7,226.3,42.3,0.497,0.502,-0.2,Stats last updated,https://www.nbastuffer.com/2018-2019-nba-referee-stats/
2018-19,regular_season,Leon Wood,CREW,,23,24,0.625,4.5,221.3,42,0.507,0.492,0.6,Stats last updated,https://www.nbastuffer.com/2018-2019-nba-referee-stats/
2018-19,regular_season,Leon Wood,CHIEF,,23,29,0.552,-2.4,223.8,42.2,0.473,0.527,-2.3,Stats last updated,https://www.nbastuffer.com/2018-2019-nba-referee-stats/
2018-19,regular_season,Haywoode Workman,CREW,,10,44,0.636,3,224.9,41.5,0.502,0.499,0.1,Stats last updated,https://www.nbastuffer.com/2018-2019-nba-referee-stats/
2018-19,regular_season,Haywoode Workman,CHIEF,,10,3,0.667,-4.3,243,36.3,0.496,0.505,-0.3,Stats last updated,https://www.nbastuffer.com/2018-2019-nba-referee-stats/
2018-19,regular_season,Sean Wright,CREW,,13,35,0.429,0.5,223.8,41.1,0.514,0.487,1.1,Stats last updated,https://www.nbastuffer.com/2018-2019-nba-referee-stats/
2018-19,regular_season,Sean Wright,CHIEF,,13,29,0.69,3.9,226.1,44.6,0.5,0.499,0.1,Stats last updated,https://www.nbastuffer.com/2018-2019-nba-referee-stats/
2018-19,regular_season,Zach Zarba,CREW,,15,28,0.429,1,219.8,42.3,0.505,0.495,0.4,Stats last updated,https://www.nbastuffer.com/2018-2019-nba-referee-stats/
2018-19,regular_season,Zach Zarba,CHIEF,,15,35,0.686,3.1,226.7,41.5,0.489,0.512,-0.9,Stats last updated,https://www.nbastuffer.com/2018-2019-nba-referee-stats/
2017-18,regular_season,Ben Taylor,CHIEF,,6,1,1,6,202,39,0.538,0.462,3,"Last updated through games completed on June 8, 2018",https://www.nbastuffer.com/2017-2018-nba-referee-stats/
2017-18,regular_season,Bennie Adams,CHIEF,,22,35,0.514,1.7,212.9,41.5,0.498,0.502,-0.1,"Last updated through games completed on June 8, 2018",https://www.nbastuffer.com/2017-2018-nba-referee-stats/
2017-18,regular_season,Bill Kennedy,CHIEF,,22,31,0.581,2.8,209.6,39.4,0.51,0.49,0.8,"Last updated through games completed on June 8, 2018",https://www.nbastuffer.com/2017-2018-nba-referee-stats/
2017-18,regular_season,Bill Spooner,CHIEF,,28,31,0.677,5.2,215.5,39.9,0.513,0.488,1,"Last updated through games completed on June 8, 2018",https://www.nbastuffer.com/2017-2018-nba-referee-stats/
2017-18,regular_season,Brent Barnaky,CHIEF,,8,5,0.8,8,230.8,43.4,0.493,0.507,-0.6,"Last updated through games completed on June 8, 2018",https://www.nbastuffer.com/2017-2018-nba-referee-stats/
2017-18,regular_season,Brett Nansel,CHIEF,,3,1,1,8,234,34,0.529,0.471,2,"Last updated through games completed on June 8, 2018",https://www.nbastuffer.com/2017-2018-nba-referee-stats/
2017-18,regular_season,Brian Forte,CHIEF,,12,11,0.545,-4.5,217.4,39.7,0.524,0.476,1.9,"Last updated through games completed on June 8, 2018",https://www.nbastuffer.com/2017-2018-nba-referee-stats/
2017-18,regular_season,Courtney Kirkland,CHIEF,,18,24,0.583,1.4,218.4,39.4,0.509,0.491,0.7,"Last updated through games completed on June 8, 2018",https://www.nbastuffer.com/2017-2018-nba-referee-stats/
2017-18,regular_season,David Guthrie,CHIEF,,12,13,0.846,10.5,211.8,42,0.509,0.491,0.8,"Last updated through games completed on June 8, 2018",https://www.nbastuffer.com/2017-2018-nba-referee-stats/
2017-18,regular_season,Derek Richardson,CHIEF,,22,21,0.571,3,215.8,40,0.507,0.493,0.6,"Last updated through games completed on June 8, 2018",https://www.nbastuffer.com/2017-2018-nba-referee-stats/
2017-18,regular_season,Derrick Collins,CHIEF,,18,27,0.593,2.5,219.1,40.2,0.491,0.509,-0.7,"Last updated through games completed on June 8, 2018",https://www.nbastuffer.com/2017-2018-nba-referee-stats/
2017-18,regular_season,Derrick Stafford,CHIEF,,29,57,0.491,0.7,209.7,39.4,0.492,0.507,-0.6,"Last updated through games completed on June 8, 2018",https://www.nbastuffer.com/2017-2018-nba-referee-stats/
2017-18,regular_season,Ed Malloy,CHIEF,,15,32,0.531,1.2,213.9,36.9,0.495,0.506,-0.4,"Last updated through games completed on June 8, 2018",https://www.nbastuffer.com/2017-2018-nba-referee-stats/
2017-18,regular_season,Eric Dalen,CHIEF,,9,1,0,-6,188,43,0.581,0.419,7,"Last updated through games completed on June 8, 2018",https://www.nbastuffer.com/2017-2018-nba-referee-stats/
2017-18,regular_season,Eric Lewis,CHIEF,,13,24,0.583,3.4,219,42,0.491,0.509,-0.8,"Last updated through games completed on June 8, 2018",https://www.nbastuffer.com/2017-2018-nba-referee-stats/
2017-18,regular_season,Gary Zielinski,CHIEF,,22,20,0.7,3.5,205.8,39.9,0.508,0.492,0.6,"Last updated through games completed on June 8, 2018",https://www.nbastuffer.com/2017-2018-nba-referee-stats/
2017-18,regular_season,Gediminas Petraitis,CHIEF,,3,1,1,5,235,35,0.486,0.514,-1,"Last updated through games completed on June 8, 2018",https://www.nbastuffer.com/2017-2018-nba-referee-stats/
2017-18,regular_season,Haywoode Workman,CHIEF,,9,2,1,8,209,48.5,0.536,0.464,3.5,"Last updated through games completed on June 8, 2018",https://www.nbastuffer.com/2017-2018-nba-referee-stats/
2017-18,regular_season,James Capers,CHIEF,,22,72,0.722,4.3,208.3,41.6,0.52,0.48,1.7,"Last updated through games completed on June 8, 2018",https://www.nbastuffer.com/2017-2018-nba-referee-stats/
2017-18,regular_season,James Williams,CHIEF,,8,2,0.5,4.5,221.5,33.5,0.522,0.478,1.5,"Last updated through games completed on June 8, 2018",https://www.nbastuffer.com/2017-2018-nba-referee-stats/
2017-18,regular_season,Jason Phillips,CHIEF,,22,15,0.667,3.6,222,41.4,0.501,0.499,0.1,"Last updated through games completed on June 8, 2018",https://www.nbastuffer.com/2017-2018-nba-referee-stats/
2017-18,regular_season,JB DeRosa,CHIEF,,0,32,0.656,3.3,208.6,36.6,0.509,0.49,0.7,"Last updated through games completed on June 8, 2018",https://www.nbastuffer.com/2017-2018-nba-referee-stats/
2017-18,regular_season,John Goble,CHIEF,,10,18,0.667,1.2,213.3,42.8,0.53,0.47,2.6,"Last updated through games completed on June 8, 2018",https://www.nbastuffer.com/2017-2018-nba-referee-stats/
2017-18,regular_season,Josh Tiven,CHIEF,,8,3,0.667,-1.7,213.7,45.3,0.522,0.478,2,"Last updated through games completed on June 8, 2018",https://www.nbastuffer.com/2017-2018-nba-referee-stats/
2017-18,regular_season,Kane Fitzgerald,CHIEF,,8,10,0.5,-3.3,222.5,42.6,0.495,0.505,-0.4,"Last updated through games completed on June 8, 2018",https://www.nbastuffer.com/2017-2018-nba-referee-stats/
2017-18,regular_season,Ken Mauer,CHIEF,,29,70,0.543,2.6,212.4,39.5,0.503,0.497,0.2,"Last updated through games completed on June 8, 2018",https://www.nbastuffer.com/2017-2018-nba-referee-stats/
2017-18,regular_season,Kevin Cutler,CHIEF,,8,2,0,-5,199,42.5,0.424,0.576,-6.5,"Last updated through games completed on June 8, 2018",https://www.nbastuffer.com/2017-2018-nba-referee-stats/
2017-18,regular_season,Kevin Scott,CHIEF,,7,2,0.5,-0.5,198.5,38.5,0.506,0.494,0.5,"Last updated through games completed on June 8, 2018",https://www.nbastuffer.com/2017-2018-nba-referee-stats/
2017-18,regular_season,Leon Wood,CHIEF,,22,24,0.417,-2.4,214.7,40.8,0.508,0.491,0.7,"Last updated through games completed on June 8, 2018",https://www.nbastuffer.com/2017-2018-nba-referee-stats/
2017-18,regular_season,Leroy Richardson,CHIEF,,22,33,0.667,2.3,214.2,40.7,0.513,0.486,1.1,"Last updated through games completed on June 8, 2018",https://www.nbastuffer.com/2017-2018-nba-referee-stats/
2017-18,regular_season,Marat Kogut,CHIEF,,8,4,0.25,1.3,205.8,39.3,0.49,0.509,-0.8,"Last updated through games completed on June 8, 2018",https://www.nbastuffer.com/2017-2018-nba-referee-stats/
2017-18,regular_season,Marc Davis,CHIEF,,19,43,0.535,2.7,218.1,38.5,0.509,0.49,0.7,"Last updated through games completed on June 8, 2018",https://www.nbastuffer.com/2017-2018-nba-referee-stats/
2017-18,regular_season,Mark Ayotte,CHIEF,,22,24,0.583,4,204.3,39.2,0.507,0.492,0.6,"Last updated through games completed on June 8, 2018",https://www.nbastuffer.com/2017-2018-nba-referee-stats/
2017-18,regular_season,Mark Lindsay,CHIEF,,10,9,0.556,4.1,212.3,36.9,0.515,0.485,1.1,"Last updated through games completed on June 8, 2018",https://www.nbastuffer.com/2017-2018-nba-referee-stats/
2017-18,regular_season,Matt Boland,CHIEF,,18,22,0.364,-5.4,204.6,39.9,0.488,0.513,-1,"Last updated through games completed on June 8, 2018",https://www.nbastuffer.com/2017-2018-nba-referee-stats/
2017-18,regular_season,Michael Smith,CHIEF,,24,40,0.625,4,211,40.4,0.515,0.483,1.3,"Last updated through games completed on June 8, 2018",https://www.nbastuffer.com/2017-2018-nba-referee-stats/
2017-18,regular_season,Mike Callahan,CHIEF,,27,72,0.569,3.4,210.7,38.9,0.506,0.493,0.5,"Last updated through games completed on June 8, 2018",https://www.nbastuffer.com/2017-2018-nba-referee-stats/
2017-18,regular_season,Monty McCutchen,CHIEF,,24,19,0.526,1.4,210.1,40.3,0.504,0.496,0.3,"Last updated through games completed on June 8, 2018",https://www.nbastuffer.com/2017-2018-nba-referee-stats/
2017-18,regular_season,Nick Buchert,CHIEF,,8,2,1,10.5,197.5,40,0.463,0.538,-3,"Last updated through games completed on June 8, 2018",https://www.nbastuffer.com/2017-2018-nba-referee-stats/
2017-18,regular_season,Pat Fraher,CHIEF,,22,31,0.613,2.4,212,37.8,0.504,0.497,0.3,"Last updated through games completed on June 8, 2018",https://www.nbastuffer.com/2017-2018-nba-referee-stats/
2017-18,regular_season,Rodney Mott,CHIEF,,22,51,0.569,1.4,212.6,39,0.502,0.499,0.1,"Last updated through games completed on June 8, 2018",https://www.nbastuffer.com/2017-2018-nba-referee-stats/
2017-18,regular_season,Ron Garretson,CHIEF,,29,55,0.582,5.1,213.9,38.3,0.515,0.487,1.1,"Last updated through games completed on June 8, 2018",https://www.nbastuffer.com/2017-2018-nba-referee-stats/
2017-18,regular_season,Scott Foster,CHIEF,,23,61,0.639,2.7,216.3,41.4,0.505,0.496,0.4,"Last updated through games completed on June 8, 2018",https://www.nbastuffer.com/2017-2018-nba-referee-stats/
2017-18,regular_season,Scott Wall,CHIEF,,22,30,0.533,-0.6,208.5,37.9,0.489,0.512,-0.9,"Last updated through games completed on June 8, 2018",https://www.nbastuffer.com/2017-2018-nba-referee-stats/
2017-18,regular_season,Sean Corbin,CHIEF,,24,53,0.585,2.9,206.9,40.7,0.511,0.489,0.9,"Last updated through games completed on June 8, 2018",https://www.nbastuffer.com/2017-2018-nba-referee-stats/
2017-18,regular_season,Sean Wright,CHIEF,,12,19,0.789,7.5,214,42.6,0.523,0.478,1.9,"Last updated through games completed on June 8, 2018",https://www.nbastuffer.com/2017-2018-nba-referee-stats/
2017-18,regular_season,Tom Washington,CHIEF,,26,44,0.568,0.8,212,39.6,0.52,0.48,1.6,"Last updated through games completed on June 8, 2018",https://www.nbastuffer.com/2017-2018-nba-referee-stats/
2017-18,regular_season,Tony Brothers,CHIEF,,23,67,0.567,1.4,212.5,40.3,0.507,0.494,0.6,"Last updated through games completed on June 8, 2018",https://www.nbastuffer.com/2017-2018-nba-referee-stats/
2017-18,regular_season,Tony Brown,CHIEF,,15,20,0.6,2.3,216.6,38.9,0.487,0.513,-1,"Last updated through games completed on June 8, 2018",https://www.nbastuffer.com/2017-2018-nba-referee-stats/
2017-18,regular_season,Zach Zarba,CHIEF,,14,26,0.5,-1.5,213.2,38.5,0.498,0.503,-0.2,"Last updated through games completed on June 8, 2018",https://www.nbastuffer.com/2017-2018-nba-referee-stats/
2017-18,regular_season,Aaron Smith,CREW,,2,56,0.625,2.8,211.2,38.6,0.514,0.485,1.1,"Last updated through games completed on June 8, 2018",https://www.nbastuffer.com/2017-2018-nba-referee-stats/
2017-18,regular_season,Ben Taylor,CREW,,6,61,0.639,5.6,214.9,40.8,0.49,0.509,-0.8,"Last updated through games completed on June 8, 2018",https://www.nbastuffer.com/2017-2018-nba-referee-stats/
2017-18,regular_season,Bennie Adams,CREW,,22,30,0.433,-0.9,214.3,42.7,0.506,0.495,0.5,"Last updated through games completed on June 8, 2018",https://www.nbastuffer.com/2017-2018-nba-referee-stats/
2017-18,regular_season,Bill Kennedy,CREW,,22,37,0.595,2.3,211.6,38.5,0.522,0.479,1.7,"Last updated through games completed on June 8, 2018",https://www.nbastuffer.com/2017-2018-nba-referee-stats/
2017-18,regular_season,Bill Spooner,CREW,,28,20,0.5,-1.2,206.5,39.7,0.509,0.491,0.7,"Last updated through games completed on June 8, 2018",https://www.nbastuffer.com/2017-2018-nba-referee-stats/
2017-18,regular_season,Brandon Adair,CREW,,0,6,0.5,2,202.7,40,0.508,0.492,0.7,"Last updated through games completed on June 8, 2018",https://www.nbastuffer.com/2017-2018-nba-referee-stats/
2017-18,regular_season,Brent Barnaky,CREW,,8,59,0.593,1.9,212.4,39,0.493,0.507,-0.5,"Last updated through games completed on June 8, 2018",https://www.nbastuffer.com/2017-2018-nba-referee-stats/
2017-18,regular_season,Brett Nansel,CREW,,3,42,0.571,2.8,212.2,41.3,0.493,0.506,-0.5,"Last updated through games completed on June 8, 2018",https://www.nbastuffer.com/2017-2018-nba-referee-stats/
2017-18,regular_season,Brian Forte,CREW,,12,57,0.596,3.4,210.5,39.7,0.496,0.503,-0.3,"Last updated through games completed on June 8, 2018",https://www.nbastuffer.com/2017-2018-nba-referee-stats/
2017-18,regular_season,CJ Washington,CREW,,3,41,0.61,6.4,212.9,40.1,0.484,0.516,-1.3,"Last updated through games completed on June 8, 2018",https://www.nbastuffer.com/2017-2018-nba-referee-stats/
2017-18,regular_season,Courtney Kirkland,CREW,,18,42,0.571,4.3,211.5,41.1,0.511,0.489,0.9,"Last updated through games completed on June 8, 2018",https://www.nbastuffer.com/2017-2018-nba-referee-stats/
2017-18,regular_season,Curtis Blair,CREW,,9,58,0.569,1.4,208.2,39,0.506,0.494,0.5,"Last updated through games completed on June 8, 2018",https://www.nbastuffer.com/2017-2018-nba-referee-stats/
2017-18,regular_season,David Guthrie,CREW,,12,56,0.518,2.2,210.5,39.7,0.492,0.508,-0.6,"Last updated through games completed on June 8, 2018",https://www.nbastuffer.com/2017-2018-nba-referee-stats/
2017-18,regular_season,Dedric Taylor,CREW,,4,61,0.574,2.6,210.7,40.1,0.509,0.49,0.8,"Last updated through games completed on June 8, 2018",https://www.nbastuffer.com/2017-2018-nba-referee-stats/
2017-18,regular_season,Derek Richardson,CREW,,22,35,0.571,-1,211.9,37.1,0.501,0.498,0.1,"Last updated through games completed on June 8, 2018",https://www.nbastuffer.com/2017-2018-nba-referee-stats/
2017-18,regular_season,Derrick Collins,CREW,,18,39,0.744,5.4,207.6,38.5,0.511,0.488,0.9,"Last updated through games completed on June 8, 2018",https://www.nbastuffer.com/2017-2018-nba-referee-stats/
2017-18,regular_season,Derrick Stafford,CREW,,29,14,0.5,0.2,207.2,39.1,0.497,0.504,-0.3,"Last updated through games completed on June 8, 2018",https://www.nbastuffer.com/2017-2018-nba-referee-stats/
2017-18,regular_season,Ed Malloy,CREW,,15,38,0.684,6.1,212.6,39.8,0.507,0.492,0.6,"Last updated through games completed on June 8, 2018",https://www.nbastuffer.com/2017-2018-nba-referee-stats/
2017-18,regular_season,Eric Dalen,CREW,,9,25,0.52,1.6,207.2,36.2,0.494,0.505,-0.4,"Last updated through games completed on June 8, 2018",https://www.nbastuffer.com/2017-2018-nba-referee-stats/
2017-18,regular_season,Eric Lewis,CREW,,13,40,0.625,1.8,215.2,40.7,0.523,0.477,1.9,"Last updated through games completed on June 8, 2018",https://www.nbastuffer.com/2017-2018-nba-referee-stats/
2017-18,regular_season,Gary Zielinski,CREW,,22,43,0.651,2.9,214.8,39.2,0.505,0.494,0.4,"Last updated through games completed on June 8, 2018",https://www.nbastuffer.com/2017-2018-nba-referee-stats/
2017-18,regular_season,Gediminas Petraitis,CREW,,3,59,0.627,2.2,217.3,39.4,0.496,0.504,-0.3,"Last updated through games completed on June 8, 2018",https://www.nbastuffer.com/2017-2018-nba-referee-stats/
2017-18,regular_season,Haywoode Workman,CREW,,9,54,0.444,-3,214.3,40.2,0.521,0.48,1.6,"Last updated through games completed on June 8, 2018",https://www.nbastuffer.com/2017-2018-nba-referee-stats/
2017-18,regular_season,JB DeRosa,CREW,,0,5,0.8,4,214,38.2,0.508,0.492,0.6,"Last updated through games completed on June 8, 2018",https://www.nbastuffer.com/2017-2018-nba-referee-stats/
2017-18,regular_season,J.T. Orr,CREW,,8,60,0.583,1.4,212.1,39.8,0.531,0.469,2.5,"Last updated through games completed on June 8, 2018",https://www.nbastuffer.com/2017-2018-nba-referee-stats/
2017-18,regular_season,Jacyn Goble,CREW,,1,50,0.7,6.6,213.5,39.9,0.513,0.487,1,"Last updated through games completed on June 8, 2018",https://www.nbastuffer.com/2017-2018-nba-referee-stats/
2017-18,regular_season,James Williams,CREW,,8,61,0.689,3.3,213.8,40.3,0.499,0.5,-0.1,"Last updated through games completed on June 8, 2018",https://www.nbastuffer.com/2017-2018-nba-referee-stats/
2017-18,regular_season,Jason Goldenberg,CREW,,1,39,0.667,4.7,213.5,40.4,0.513,0.488,1,"Last updated through games completed on June 8, 2018",https://www.nbastuffer.com/2017-2018-nba-referee-stats/
2017-18,regular_season,Jason Phillips,CREW,,22,27,0.63,2.5,206.5,39,0.509,0.491,0.7,"Last updated through games completed on June 8, 2018",https://www.nbastuffer.com/2017-2018-nba-referee-stats/
2017-18,regular_season,John Goble,CREW,,10,50,0.6,3.2,211.8,40.3,0.494,0.505,-0.5,"Last updated through games completed on June 8, 2018",https://www.nbastuffer.com/2017-2018-nba-referee-stats/
2017-18,regular_season,Jonathan Sterling,CREW,,0,41,0.537,-0.1,214.9,40.6,0.505,0.494,0.5,"Last updated through games completed on June 8, 2018",https://www.nbastuffer.com/2017-2018-nba-referee-stats/
2017-18,regular_season,Josh Tiven,CREW,,8,62,0.548,0.6,215.5,39,0.508,0.491,0.7,"Last updated through games completed on June 8, 2018",https://www.nbastuffer.com/2017-2018-nba-referee-stats/
2017-18,regular_season,Justin Van Duyne,CREW,,4,55,0.545,1.3,210.6,40.3,0.508,0.494,0.6,"Last updated through games completed on June 8, 2018",https://www.nbastuffer.com/2017-2018-nba-referee-stats/
2017-18,regular_season,Kane Fitzgerald,CREW,,8,53,0.585,1.8,207.9,41,0.502,0.498,0.1,"Last updated through games completed on June 8, 2018",https://www.nbastuffer.com/2017-2018-nba-referee-stats/
2017-18,regular_season,Karl Lane,CREW,,7,63,0.571,2.3,213.6,40.8,0.507,0.492,0.6,"Last updated through games completed on June 8, 2018",https://www.nbastuffer.com/2017-2018-nba-referee-stats/
2017-18,regular_season,Ken Mauer,CREW,,29,2,1,6.5,203.5,34,0.456,0.544,-3,"Last updated through games completed on June 8, 2018",https://www.nbastuffer.com/2017-2018-nba-referee-stats/
2017-18,regular_season,Kevin Cutler,CREW,,8,61,0.541,1.6,213.2,37.9,0.522,0.477,1.7,"Last updated through games completed on June 8, 2018",https://www.nbastuffer.com/2017-2018-nba-referee-stats/
2017-18,regular_season,Kevin Scott,CREW,,7,59,0.525,1.1,216.4,39.4,0.503,0.496,0.3,"Last updated through games completed on June 8, 2018",https://www.nbastuffer.com/2017-2018-nba-referee-stats/
2017-18,regular_season,Lauren Holtkamp,CREW,,5,55,0.545,0.6,215,40.2,0.5,0.499,0.1,"Last updated through games completed on June 8, 2018",https://www.nbastuffer.com/2017-2018-nba-referee-stats/
2017-18,regular_season,Leon Wood,CREW,,22,34,0.618,3.6,208.7,37.3,0.52,0.48,1.5,"Last updated through games completed on June 8, 2018",https://www.nbastuffer.com/2017-2018-nba-referee-stats/
2017-18,regular_season,Leroy Richardson,CREW,,22,25,0.56,2,210.8,39.2,0.516,0.483,1.3,"Last updated through games completed on June 8, 2018",https://www.nbastuffer.com/2017-2018-nba-referee-stats/
2017-18,regular_season,Marat Kogut,CREW,,8,59,0.492,0.5,216.1,41,0.502,0.498,0.2,"Last updated through games completed on June 8, 2018",https://www.nbastuffer.com/2017-2018-nba-referee-stats/
2017-18,regular_season,Marc Davis,CREW,,19,30,0.6,4.4,211.8,39.1,0.494,0.507,-0.5,"Last updated through games completed on June 8, 2018",https://www.nbastuffer.com/2017-2018-nba-referee-stats/
2017-18,regular_season,Mark Ayotte,CREW,,22,44,0.636,5.8,215,40.1,0.499,0.502,-0.1,"Last updated through games completed on June 8, 2018",https://www.nbastuffer.com/2017-2018-nba-referee-stats/
2017-18,regular_season,Mark Lindsay,CREW,,10,55,0.491,1.3,207.4,38.2,0.501,0.498,0.1,"Last updated through games completed on June 8, 2018",https://www.nbastuffer.com/2017-2018-nba-referee-stats/
2017-18,regular_season,Matt Boland,CREW,,18,39,0.615,2,210.7,40.9,0.502,0.5,0.1,"Last updated through games completed on June 8, 2018",https://www.nbastuffer.com/2017-2018-nba-referee-stats/
2017-18,regular_season,Matt Myers,CREW,,6,3,0.333,-6,195.3,34.3,0.466,0.534,-2.3,"Last updated through games completed on June 8, 2018",https://www.nbastuffer.com/2017-2018-nba-referee-stats/
2017-18,regular_season,Michael Smith,CREW,,24,20,0.5,-0.4,216,42.9,0.52,0.479,1.8,"Last updated through games completed on June 8, 2018",https://www.nbastuffer.com/2017-2018-nba-referee-stats/
2017-18,regular_season,Mike Callahan,CREW,,27,1,1,11,183,35,0.543,0.457,3,"Last updated through games completed on June 8, 2018",https://www.nbastuffer.com/2017-2018-nba-referee-stats/
2017-18,regular_season,Mitchell Ervin,CREW,,3,47,0.66,2.2,211.8,42,0.52,0.48,1.7,"Last updated through games completed on June 8, 2018",https://www.nbastuffer.com/2017-2018-nba-referee-stats/
2017-18,regular_season,Nick Buchert,CREW,,8,60,0.667,2.8,222.1,42.5,0.52,0.48,1.7,"Last updated through games completed on June 8, 2018",https://www.nbastuffer.com/2017-2018-nba-referee-stats/
2017-18,regular_season,Pat Fraher,CREW,,22,37,0.541,2.4,208.9,37.2,0.507,0.493,0.5,"Last updated through games completed on June 8, 2018",https://www.nbastuffer.com/2017-2018-nba-referee-stats/
2017-18,regular_season,Phenizee Ransom,CREW,,1,7,0.429,1.9,194.7,36.7,0.518,0.483,1.3,"Last updated through games completed on June 8, 2018",https://www.nbastuffer.com/2017-2018-nba-referee-stats/
2017-18,regular_season,Randy Richardson,CREW,,0,6,0.5,2.5,209.2,35,0.457,0.543,-3,"Last updated through games completed on June 8, 2018",https://www.nbastuffer.com/2017-2018-nba-referee-stats/
2017-18,regular_season,Ray Acosta,CREW,,0,34,0.647,1.9,214.8,39.9,0.509,0.491,0.7,"Last updated through games completed on June 8, 2018",https://www.nbastuffer.com/2017-2018-nba-referee-stats/
2017-18,regular_season,Rodney Mott,CREW,,22,11,0.455,1.6,207.6,38.9,0.498,0.502,-0.2,"Last updated through games completed on June 8, 2018",https://www.nbastuffer.com/2017-2018-nba-referee-stats/
2017-18,regular_season,Ron Garretson,CREW,,29,8,0.5,2,216,36.6,0.502,0.499,0.1,"Last updated through games completed on June 8, 2018",https://www.nbastuffer.com/2017-2018-nba-referee-stats/
2017-18,regular_season,Sean Corbin,CREW,,24,4,0.75,8.8,201.8,40.5,0.525,0.475,2,"Last updated through games completed on June 8, 2018",https://www.nbastuffer.com/2017-2018-nba-referee-stats/
2017-18,regular_season,Scott Foster,CREW,,23,13,0.538,0.5,209.6,44.4,0.518,0.482,1.6,"Last updated through games completed on June 8, 2018",https://www.nbastuffer.com/2017-2018-nba-referee-stats/
2017-18,regular_season,Scott Twardoski,CREW,,8,59,0.61,2.6,215.3,39.3,0.511,0.489,0.9,"Last updated through games completed on June 8, 2018",https://www.nbastuffer.com/2017-2018-nba-referee-stats/
2017-18,regular_season,Scott Wall,CREW,,22,31,0.516,1.9,210.1,39.4,0.478,0.522,-1.7,"Last updated through games completed on June 8, 2018",https://www.nbastuffer.com/2017-2018-nba-referee-stats/
2017-18,regular_season,Sean Wright,CREW,,12,43,0.628,2.2,213.3,40,0.478,0.521,-1.7,"Last updated through games completed on June 8, 2018",https://www.nbastuffer.com/2017-2018-nba-referee-stats/
2017-18,regular_season,Tom Washington,CREW,,26,24,0.833,6.7,212,39,0.504,0.497,0.3,"Last updated through games completed on June 8, 2018",https://www.nbastuffer.com/2017-2018-nba-referee-stats/
2017-18,regular_season,Tony Brothers,CREW,,23,1,1,5,235,35,0.486,0.514,-1,"Last updated through games completed on June 8, 2018",https://www.nbastuffer.com/2017-2018-nba-referee-stats/
2017-18,regular_season,Tony Brown,CREW,,15,46,0.63,2.7,207.5,41.3,0.523,0.476,1.9,"Last updated through games completed on June 8, 2018",https://www.nbastuffer.com/2017-2018-nba-referee-stats/
2017-18,regular_season,Tre Maddox,CREW,,7,56,0.554,2.7,213.7,39.9,0.504,0.497,0.3,"Last updated through games completed on June 8, 2018",https://www.nbastuffer.com/2017-2018-nba-referee-stats/
2017-18,regular_season,Tyler Ford,CREW,,3,59,0.61,3,213.3,41.3,0.514,0.485,1.2,"Last updated through games completed on June 8, 2018",https://www.nbastuffer.com/2017-2018-nba-referee-stats/
2017-18,regular_season,Vladimir Voyard-Tadal,CREW,,1,8,0.625,7.3,217,42.6,0.519,0.481,1.6,"Last updated through games completed on June 8, 2018",https://www.nbastuffer.com/2017-2018-nba-referee-stats/
2017-18,regular_season,Zach Zarba,CREW,,14,44,0.455,-0.5,211.9,38.4,0.523,0.478,1.7,"Last updated through games completed on June 8, 2018",https://www.nbastuffer.com/2017-2018-nba-referee-stats/
2016-17,playoffs,Bill Kennedy,CHIEF,,,3,1,14,200,41.7,0.52,0.48,,"Last updated through games completed on June 12, 2017",https://www.nbastuffer.com/2017-nba-playoffs-referee-stats/
2016-17,playoffs,Dan Crawford,CHIEF,,,10,0.4,-0.1,207.1,41.2,0.519,0.481,,"Last updated through games completed on June 12, 2017",https://www.nbastuffer.com/2017-nba-playoffs-referee-stats/
2016-17,playoffs,Derrick Stafford,CHIEF,,,5,0.8,4.4,214,43.2,0.486,0.514,,"Last updated through games completed on June 12, 2017",https://www.nbastuffer.com/2017-nba-playoffs-referee-stats/
2016-17,playoffs,James Capers,CHIEF,,,10,0.5,1.6,206.6,43.5,0.524,0.476,,"Last updated through games completed on June 12, 2017",https://www.nbastuffer.com/2017-nba-playoffs-referee-stats/
2016-17,playoffs,Ken Mauer,CHIEF,,,9,0.333,-5.1,219.1,43.8,0.512,0.487,,"Last updated through games completed on June 12, 2017",https://www.nbastuffer.com/2017-nba-playoffs-referee-stats/
2016-17,playoffs,Mike Callahan,CHIEF,,,11,0.455,0.4,217.3,39.1,0.467,0.532,,"Last updated through games completed on June 12, 2017",https://www.nbastuffer.com/2017-nba-playoffs-referee-stats/
2016-17,playoffs,Monty McCutchen,CHIEF,,,7,0.714,3.6,208.1,37.9,0.486,0.513,,"Last updated through games completed on June 12, 2017",https://www.nbastuffer.com/2017-nba-playoffs-referee-stats/
2016-17,playoffs,Rodney Mott,CHIEF,,,2,1,6.5,232.5,45.5,0.571,0.429,,"Last updated through games completed on June 12, 2017",https://www.nbastuffer.com/2017-nba-playoffs-referee-stats/
2016-17,playoffs,Ron Garretson,CHIEF,,,1,1,12,230,49,0.51,0.49,,"Last updated through games completed on June 12, 2017",https://www.nbastuffer.com/2017-nba-playoffs-referee-stats/
2016-17,playoffs,Scott Foster,CHIEF,,,5,0.4,-1.2,209.6,44.2,0.48,0.52,,"Last updated through games completed on June 12, 2017",https://www.nbastuffer.com/2017-nba-playoffs-referee-stats/
2016-17,playoffs,Sean Corbin,CHIEF,,,5,1,13.2,218.8,43.8,0.521,0.479,,"Last updated through games completed on June 12, 2017",https://www.nbastuffer.com/2017-nba-playoffs-referee-stats/
2016-17,playoffs,Tony Brothers,CHIEF,,,11,0.545,1.5,208.4,38.6,0.497,0.504,,"Last updated through games completed on June 12, 2017",https://www.nbastuffer.com/2017-nba-playoffs-referee-stats/
2016-17,playoffs,Bennie Adams,CREW,,,3,0.333,-11.3,214,40.7,0.483,0.516,,"Last updated through games completed on June 12, 2017",https://www.nbastuffer.com/2017-nba-playoffs-referee-stats/
2016-17,playoffs,Bill Kennedy,CREW,,,5,0.2,-12.4,205.2,39.2,0.495,0.505,,"Last updated through games completed on June 12, 2017",https://www.nbastuffer.com/2017-nba-playoffs-referee-stats/
2016-17,playoffs,Bill Spooner,CREW,,,5,0.4,0.8,198.4,35.4,0.525,0.475,,"Last updated through games completed on June 12, 2017",https://www.nbastuffer.com/2017-nba-playoffs-referee-stats/
2016-17,playoffs,Brent Barnaky,CREW,,,1,0,-11,163,40,0.475,0.525,,"Last updated through games completed on June 12, 2017",https://www.nbastuffer.com/2017-nba-playoffs-referee-stats/
2016-17,playoffs,Brian Forte,CREW,,,4,0,-9.8,201.8,38.5,0.487,0.513,,"Last updated through games completed on June 12, 2017",https://www.nbastuffer.com/2017-nba-playoffs-referee-stats/
2016-17,playoffs,Courtney Kirkland,CREW,,,4,1,19.8,212.3,42.3,0.455,0.544,,"Last updated through games completed on June 12, 2017",https://www.nbastuffer.com/2017-nba-playoffs-referee-stats/
2016-17,playoffs,Dan Crawford,CREW,,,4,0.75,9.8,212.8,42.5,0.535,0.465,,"Last updated through games completed on June 12, 2017",https://www.nbastuffer.com/2017-nba-playoffs-referee-stats/
2016-17,playoffs,David Guthrie,CREW,,,5,0.4,1.8,209,39.6,0.505,0.495,,"Last updated through games completed on June 12, 2017",https://www.nbastuffer.com/2017-nba-playoffs-referee-stats/
2016-17,playoffs,Derrick Collins,CREW,,,4,1,14.5,210,43.3,0.497,0.502,,"Last updated through games completed on June 12, 2017",https://www.nbastuffer.com/2017-nba-playoffs-referee-stats/
2016-17,playoffs,Derrick Stafford,CREW,,,6,1,11.3,220.3,41,0.496,0.504,,"Last updated through games completed on June 12, 2017",https://www.nbastuffer.com/2017-nba-playoffs-referee-stats/
2016-17,playoffs,Ed Malloy,CREW,,,11,0.545,0.2,219.8,43.5,0.51,0.489,,"Last updated through games completed on June 12, 2017",https://www.nbastuffer.com/2017-nba-playoffs-referee-stats/
2016-17,playoffs,Eric Lewis,CREW,,,3,0.333,-1,212.3,44.3,0.497,0.504,,"Last updated through games completed on June 12, 2017",https://www.nbastuffer.com/2017-nba-playoffs-referee-stats/
2016-17,playoffs,James Williams,CREW,,,5,0.6,-6.2,207.4,38.4,0.521,0.479,,"Last updated through games completed on June 12, 2017",https://www.nbastuffer.com/2017-nba-playoffs-referee-stats/
2016-17,playoffs,John Goble,CREW,,,10,0.5,-0.4,209.4,41.2,0.495,0.505,,"Last updated through games completed on June 12, 2017",https://www.nbastuffer.com/2017-nba-playoffs-referee-stats/
2016-17,playoffs,Josh Tiven,CREW,,,3,0.333,-0.7,213.3,43,0.55,0.45,,"Last updated through games completed on June 12, 2017",https://www.nbastuffer.com/2017-nba-playoffs-referee-stats/
2016-17,playoffs,Kane Fitzgerald,CREW,,,6,0.5,0.7,215.7,40.5,0.494,0.506,,"Last updated through games completed on June 12, 2017",https://www.nbastuffer.com/2017-nba-playoffs-referee-stats/
2016-17,playoffs,Ken Mauer,CREW,,,1,1,1,183,43,0.442,0.558,,"Last updated through games completed on June 12, 2017",https://www.nbastuffer.com/2017-nba-playoffs-referee-stats/
2016-17,playoffs,Leon Wood,CREW,,,1,0,-4,208,37,0.405,0.595,,"Last updated through games completed on June 12, 2017",https://www.nbastuffer.com/2017-nba-playoffs-referee-stats/
2016-17,playoffs,Leroy Richardson,CREW,,,2,0.5,2,222,43.5,0.506,0.494,,"Last updated through games completed on June 12, 2017",https://www.nbastuffer.com/2017-nba-playoffs-referee-stats/
2016-17,playoffs,Marc Davis,CREW,,,11,0.727,6.5,214.4,43.2,0.53,0.469,,"Last updated through games completed on June 12, 2017",https://www.nbastuffer.com/2017-nba-playoffs-referee-stats/
2016-17,playoffs,Mark Ayotte,CREW,,,1,1,29,191,36,0.528,0.472,,"Last updated through games completed on June 12, 2017",https://www.nbastuffer.com/2017-nba-playoffs-referee-stats/
2016-17,playoffs,Mark Lindsay,CREW,,,2,1,4,217,41.5,0.482,0.518,,"Last updated through games completed on June 12, 2017",https://www.nbastuffer.com/2017-nba-playoffs-referee-stats/
2016-17,playoffs,Matt Boland,CREW,,,1,1,1,217,44,0.568,0.432,,"Last updated through games completed on June 12, 2017",https://www.nbastuffer.com/2017-nba-playoffs-referee-stats/
2016-17,playoffs,Michael Smith,CREW,,,1,1,4,226,45,0.533,0.467,,"Last updated through games completed on June 12, 2017",https://www.nbastuffer.com/2017-nba-playoffs-referee-stats/
2016-17,playoffs,Mike Callahan,CREW,,,2,0.5,4,218,41.5,0.482,0.518,,"Last updated through games completed on June 12, 2017",https://www.nbastuffer.com/2017-nba-playoffs-referee-stats/
2016-17,playoffs,Monty McCutchen,CREW,,,6,0.333,-1.5,216.8,48.5,0.522,0.478,,"Last updated through games completed on June 12, 2017",https://www.nbastuffer.com/2017-nba-playoffs-referee-stats/
2016-17,playoffs,Pat Fraher,CREW,,,6,0.833,11.3,206,39.3,0.483,0.517,,"Last updated through games completed on June 12, 2017",https://www.nbastuffer.com/2017-nba-playoffs-referee-stats/
2016-17,playoffs,Rodney Mott,CREW,,,3,0.333,3,183.7,37.3,0.545,0.456,,"Last updated through games completed on June 12, 2017",https://www.nbastuffer.com/2017-nba-playoffs-referee-stats/
2016-17,playoffs,Ron Garretson,CREW,,,6,0.167,-14,202,41.7,0.516,0.484,,"Last updated through games completed on June 12, 2017",https://www.nbastuffer.com/2017-nba-playoffs-referee-stats/
2016-17,playoffs,Scott Foster,CREW,,,7,0.571,-2.3,212.3,36.1,0.51,0.491,,"Last updated through games completed on June 12, 2017",https://www.nbastuffer.com/2017-nba-playoffs-referee-stats/
2016-17,playoffs,Sean Corbin,CREW,,,1,0,-14,244,45,0.556,0.444,,"Last updated through games completed on June 12, 2017",https://www.nbastuffer.com/2017-nba-playoffs-referee-stats/
2016-17,playoffs,Sean Wright,CREW,,,8,0.625,6,218.5,38.4,0.459,0.54,,"Last updated through games completed on June 12, 2017",https://www.nbastuffer.com/2017-nba-playoffs-referee-stats/
2016-17,playoffs,Tom Washington,CREW,,,5,0.6,0,218,46.8,0.534,0.466,,"Last updated through games completed on June 12, 2017",https://www.nbastuffer.com/2017-nba-playoffs-referee-stats/
2016-17,playoffs,Tony Brown,CREW,,,3,0.667,11.3,222.7,49,0.503,0.497,,"Last updated through games completed on June 12, 2017",https://www.nbastuffer.com/2017-nba-playoffs-referee-stats/
2016-17,playoffs,Zach Zarba,CREW,,,11,0.727,6.5,215.9,44.3,0.48,0.519,,"Last updated through games completed on June 12, 2017",https://www.nbastuffer.com/2017-nba-playoffs-referee-stats/
2016-17,regular_season,Bennie Adams,CHIEF,,,31,0.548,4.8,208.8,41.7,0.516,0.485,,"Last updated through games completed on April 12, 2017 Click column headers to sort",https://www.nbastuffer.com/2016-2017-nba-regular-season-referee-stats/
2016-17,regular_season,Bill Kennedy,CHIEF,,,44,0.5,1.3,210.6,40,0.504,0.496,,"Last updated through games completed on April 12, 2017 Click column headers to sort",https://www.nbastuffer.com/2016-2017-nba-regular-season-referee-stats/
2016-17,regular_season,Bill Spooner,CHIEF,,,50,0.64,4.3,210.1,38.5,0.502,0.499,,"Last updated through games completed on April 12, 2017 Click column headers to sort",https://www.nbastuffer.com/2016-2017-nba-regular-season-referee-stats/
2016-17,regular_season,Brian Forte,CHIEF,,,5,0.8,7.4,205.8,37.2,0.489,0.511,,"Last updated through games completed on April 12, 2017 Click column headers to sort",https://www.nbastuffer.com/2016-2017-nba-regular-season-referee-stats/
2016-17,regular_season,Courtney Kirkland,CHIEF,,,18,0.722,6.1,215.9,39.4,0.525,0.477,,"Last updated through games completed on April 12, 2017 Click column headers to sort",https://www.nbastuffer.com/2016-2017-nba-regular-season-referee-stats/
2016-17,regular_season,Curtis Blair,CHIEF,,,2,0.5,-11.5,212.5,46.5,0.505,0.495,,"Last updated through games completed on April 12, 2017 Click column headers to sort",https://www.nbastuffer.com/2016-2017-nba-regular-season-referee-stats/
2016-17,regular_season,Dan Crawford,CHIEF,,,59,0.576,2.3,210.5,39.3,0.516,0.485,,"Last updated through games completed on April 12, 2017 Click column headers to sort",https://www.nbastuffer.com/2016-2017-nba-regular-season-referee-stats/
2016-17,regular_season,David Guthrie,CHIEF,,,11,0.364,1,205.2,42,0.496,0.504,,"Last updated through games completed on April 12, 2017 Click column headers to sort",https://www.nbastuffer.com/2016-2017-nba-regular-season-referee-stats/
2016-17,regular_season,Derek Richardson,CHIEF,,,19,0.316,0.1,215.5,39.6,0.496,0.505,,"Last updated through games completed on April 12, 2017 Click column headers to sort",https://www.nbastuffer.com/2016-2017-nba-regular-season-referee-stats/
2016-17,regular_season,Derrick Collins,CHIEF,,,21,0.476,0.1,205.4,40.4,0.501,0.499,,"Last updated through games completed on April 12, 2017 Click column headers to sort",https://www.nbastuffer.com/2016-2017-nba-regular-season-referee-stats/
2016-17,regular_season,Derrick Stafford,CHIEF,,,56,0.554,2.3,209.9,39.2,0.505,0.495,,"Last updated through games completed on April 12, 2017 Click column headers to sort",https://www.nbastuffer.com/2016-2017-nba-regular-season-referee-stats/
2016-17,regular_season,Ed Malloy,CHIEF,,,23,0.565,4.3,211.2,37.5,0.501,0.499,,"Last updated through games completed on April 12, 2017 Click column headers to sort",https://www.nbastuffer.com/2016-2017-nba-regular-season-referee-stats/
2016-17,regular_season,Eric Lewis,CHIEF,,,13,0.615,6.1,195.9,36.5,0.514,0.485,,"Last updated through games completed on April 12, 2017 Click column headers to sort",https://www.nbastuffer.com/2016-2017-nba-regular-season-referee-stats/
2016-17,regular_season,Gary Zielinski,CHIEF,,,15,0.533,0.9,213.1,40.8,0.516,0.484,,"Last updated through games completed on April 12, 2017 Click column headers to sort",https://www.nbastuffer.com/2016-2017-nba-regular-season-referee-stats/
2016-17,regular_season,Haywoode Workman,CHIEF,,,1,1,23,209,32,0.438,0.563,,"Last updated through games completed on April 12, 2017 Click column headers to sort",https://www.nbastuffer.com/2016-2017-nba-regular-season-referee-stats/
2016-17,regular_season,James Capers,CHIEF,,,62,0.677,4.2,212.8,42.4,0.517,0.482,,"Last updated through games completed on April 12, 2017 Click column headers to sort",https://www.nbastuffer.com/2016-2017-nba-regular-season-referee-stats/
2016-17,regular_season,Jason Phillips,CHIEF,,,20,0.6,5.7,208.7,38.8,0.517,0.482,,"Last updated through games completed on April 12, 2017 Click column headers to sort",https://www.nbastuffer.com/2016-2017-nba-regular-season-referee-stats/
2016-17,regular_season,John Goble,CHIEF,,,26,0.692,5.6,206.3,41,0.531,0.469,,"Last updated through games completed on April 12, 2017 Click column headers to sort",https://www.nbastuffer.com/2016-2017-nba-regular-season-referee-stats/
2016-17,regular_season,Josh Tiven,CHIEF,,,3,0.667,-0.7,200.7,37.3,0.527,0.474,,"Last updated through games completed on April 12, 2017 Click column headers to sort",https://www.nbastuffer.com/2016-2017-nba-regular-season-referee-stats/
2016-17,regular_season,Kane Fitzgerald,CHIEF,,,4,0.5,4,201,38.8,0.541,0.457,,"Last updated through games completed on April 12, 2017 Click column headers to sort",https://www.nbastuffer.com/2016-2017-nba-regular-season-referee-stats/
2016-17,regular_season,Ken Mauer,CHIEF,,,61,0.574,2,212.6,39.9,0.493,0.506,,"Last updated through games completed on April 12, 2017 Click column headers to sort",https://www.nbastuffer.com/2016-2017-nba-regular-season-referee-stats/
2016-17,regular_season,Kevin Cutler,CHIEF,,,1,0,-17,227,33,0.364,0.636,,"Last updated through games completed on April 12, 2017 Click column headers to sort",https://www.nbastuffer.com/2016-2017-nba-regular-season-referee-stats/
2016-17,regular_season,Leon Wood,CHIEF,,,15,0.533,1.8,213,41.2,0.524,0.476,,"Last updated through games completed on April 12, 2017 Click column headers to sort",https://www.nbastuffer.com/2016-2017-nba-regular-season-referee-stats/
2016-17,regular_season,Leroy Richardson,CHIEF,,,35,0.514,1.6,213.3,39.3,0.521,0.48,,"Last updated through games completed on April 12, 2017 Click column headers to sort",https://www.nbastuffer.com/2016-2017-nba-regular-season-referee-stats/
2016-17,regular_season,Marc Davis,CHIEF,,,41,0.537,1.7,210.4,37.5,0.529,0.471,,"Last updated through games completed on April 12, 2017 Click column headers to sort",https://www.nbastuffer.com/2016-2017-nba-regular-season-referee-stats/
2016-17,regular_season,Marat Kogut,CHIEF,,,2,1,5.5,224.5,38.5,0.442,0.558,,"Last updated through games completed on April 12, 2017 Click column headers to sort",https://www.nbastuffer.com/2016-2017-nba-regular-season-referee-stats/
2016-17,regular_season,Mark Ayotte,CHIEF,,,9,0.556,7.2,222.1,41.9,0.509,0.491,,"Last updated through games completed on April 12, 2017 Click column headers to sort",https://www.nbastuffer.com/2016-2017-nba-regular-season-referee-stats/
2016-17,regular_season,Matt Boland,CHIEF,,,7,0.571,2.1,221.9,41.7,0.538,0.462,,"Last updated through games completed on April 12, 2017 Click column headers to sort",https://www.nbastuffer.com/2016-2017-nba-regular-season-referee-stats/
2016-17,regular_season,Michael Smith,CHIEF,,,32,0.594,2.9,207.2,39.7,0.502,0.498,,"Last updated through games completed on April 12, 2017 Click column headers to sort",https://www.nbastuffer.com/2016-2017-nba-regular-season-referee-stats/
2016-17,regular_season,Mike Callahan,CHIEF,,,60,0.567,1.2,208.2,38.7,0.509,0.49,,"Last updated through games completed on April 12, 2017 Click column headers to sort",https://www.nbastuffer.com/2016-2017-nba-regular-season-referee-stats/
2016-17,regular_season,Monty McCutchen,CHIEF,,,61,0.672,5.1,213.4,40.2,0.505,0.495,,"Last updated through games completed on April 12, 2017 Click column headers to sort",https://www.nbastuffer.com/2016-2017-nba-regular-season-referee-stats/
2016-17,regular_season,Pat Fraher,CHIEF,,,19,0.632,3.9,218.3,42.5,0.516,0.484,,"Last updated through games completed on April 12, 2017 Click column headers to sort",https://www.nbastuffer.com/2016-2017-nba-regular-season-referee-stats/
2016-17,regular_season,Rodney Mott,CHIEF,,,51,0.627,2.5,209.1,38.7,0.526,0.474,,"Last updated through games completed on April 12, 2017 Click column headers to sort",https://www.nbastuffer.com/2016-2017-nba-regular-season-referee-stats/
2016-17,regular_season,Ron Garretson,CHIEF,,,36,0.556,4.8,210.1,38.5,0.512,0.489,,"Last updated through games completed on April 12, 2017 Click column headers to sort",https://www.nbastuffer.com/2016-2017-nba-regular-season-referee-stats/
2016-17,regular_season,Scott Foster,CHIEF,,,67,0.597,4.1,214.9,42.1,0.506,0.496,,"Last updated through games completed on April 12, 2017 Click column headers to sort",https://www.nbastuffer.com/2016-2017-nba-regular-season-referee-stats/
2016-17,regular_season,Scott Wall,CHIEF,,,22,0.5,1.2,209.7,40.2,0.504,0.496,,"Last updated through games completed on April 12, 2017 Click column headers to sort",https://www.nbastuffer.com/2016-2017-nba-regular-season-referee-stats/
2016-17,regular_season,Sean Corbin,CHIEF,,,56,0.482,0.8,209.6,39,0.507,0.493,,"Last updated through games completed on April 12, 2017 Click column headers to sort",https://www.nbastuffer.com/2016-2017-nba-regular-season-referee-stats/
2016-17,regular_season,Sean Wright,CHIEF,,,22,0.5,0.8,215.2,39.8,0.487,0.513,,"Last updated through games completed on April 12, 2017 Click column headers to sort",https://www.nbastuffer.com/2016-2017-nba-regular-season-referee-stats/
2016-17,regular_season,Tom Washington,CHIEF,,,47,0.66,4.2,210.7,39.9,0.512,0.486,,"Last updated through games completed on April 12, 2017 Click column headers to sort",https://www.nbastuffer.com/2016-2017-nba-regular-season-referee-stats/
2016-17,regular_season,Tony Brothers,CHIEF,,,61,0.705,6.3,213.1,39.9,0.52,0.479,,"Last updated through games completed on April 12, 2017 Click column headers to sort",https://www.nbastuffer.com/2016-2017-nba-regular-season-referee-stats/
2016-17,regular_season,Tony Brown,CHIEF,,,12,0.667,7,213,38.8,0.513,0.488,,"Last updated through games completed on April 12, 2017 Click column headers to sort",https://www.nbastuffer.com/2016-2017-nba-regular-season-referee-stats/
2016-17,regular_season,Zach Zarba,CHIEF,,,27,0.481,2.3,213.5,39.4,0.498,0.501,,"Last updated through games completed on April 12, 2017 Click column headers to sort",https://www.nbastuffer.com/2016-2017-nba-regular-season-referee-stats/
2016-17,regular_season,Aaron Smith,CREW,,,53,0.642,5.6,210.7,37,0.509,0.49,,"Last updated through games completed on April 12, 2017 Click column headers to sort",https://www.nbastuffer.com/2016-2017-nba-regular-season-referee-stats/
2016-17,regular_season,Ben Taylor,CREW,,,51,0.51,1.7,214,41.6,0.503,0.497,,"Last updated through games completed on April 12, 2017 Click column headers to sort",https://www.nbastuffer.com/2016-2017-nba-regular-season-referee-stats/
2016-17,regular_season,Bennie Adams,CREW,,,28,0.643,3.8,211.4,41.6,0.499,0.501,,"Last updated through games completed on April 12, 2017 Click column headers to sort",https://www.nbastuffer.com/2016-2017-nba-regular-season-referee-stats/
2016-17,regular_season,Bill Kennedy,CREW,,,21,0.714,6.9,211.5,38.4,0.522,0.479,,"Last updated through games completed on April 12, 2017 Click column headers to sort",https://www.nbastuffer.com/2016-2017-nba-regular-season-referee-stats/
2016-17,regular_season,Bill Spooner,CREW,,,8,0.875,8.8,210.3,37.3,0.543,0.456,,"Last updated through games completed on April 12, 2017 Click column headers to sort",https://www.nbastuffer.com/2016-2017-nba-regular-season-referee-stats/
2016-17,regular_season,Brent Barnaky,CREW,,,65,0.523,2.6,212.3,39.9,0.513,0.487,,"Last updated through games completed on April 12, 2017 Click column headers to sort",https://www.nbastuffer.com/2016-2017-nba-regular-season-referee-stats/
2016-17,regular_season,Brett Nansel,CREW,,,40,0.6,5.5,210.1,39.2,0.503,0.498,,"Last updated through games completed on April 12, 2017 Click column headers to sort",https://www.nbastuffer.com/2016-2017-nba-regular-season-referee-stats/
2016-17,regular_season,Brian Forte,CREW,,,60,0.633,4.3,212.1,38.8,0.515,0.484,,"Last updated through games completed on April 12, 2017 Click column headers to sort",https://www.nbastuffer.com/2016-2017-nba-regular-season-referee-stats/
2016-17,regular_season,CJ Washington,CREW,,,44,0.5,-0.6,209.9,41,0.502,0.497,,"Last updated through games completed on April 12, 2017 Click column headers to sort",https://www.nbastuffer.com/2016-2017-nba-regular-season-referee-stats/
2016-17,regular_season,Courtney Kirkland,CREW,,,44,0.659,4,206.2,38.5,0.522,0.479,,"Last updated through games completed on April 12, 2017 Click column headers to sort",https://www.nbastuffer.com/2016-2017-nba-regular-season-referee-stats/
2016-17,regular_season,Curtis Blair,CREW,,,48,0.625,3.8,213.1,39.7,0.509,0.492,,"Last updated through games completed on April 12, 2017 Click column headers to sort",https://www.nbastuffer.com/2016-2017-nba-regular-season-referee-stats/
2016-17,regular_season,Dan Crawford,CREW,,,1,0,-24,226,36,0.5,0.5,,"Last updated through games completed on April 12, 2017 Click column headers to sort",https://www.nbastuffer.com/2016-2017-nba-regular-season-referee-stats/
2016-17,regular_season,David Guthrie,CREW,,,33,0.424,-1.4,218.2,42.1,0.494,0.505,,"Last updated through games completed on April 12, 2017 Click column headers to sort",https://www.nbastuffer.com/2016-2017-nba-regular-season-referee-stats/
2016-17,regular_season,Dedric Taylor,CREW,,,55,0.545,1.3,209.7,39.3,0.516,0.483,,"Last updated through games completed on April 12, 2017 Click column headers to sort",https://www.nbastuffer.com/2016-2017-nba-regular-season-referee-stats/
2016-17,regular_season,Derek Richardson,CREW,,,28,0.679,5.3,208.9,38.2,0.495,0.506,,"Last updated through games completed on April 12, 2017 Click column headers to sort",https://www.nbastuffer.com/2016-2017-nba-regular-season-referee-stats/
2016-17,regular_season,Derrick Collins,CREW,,,43,0.558,4.9,218.3,39.3,0.503,0.497,,"Last updated through games completed on April 12, 2017 Click column headers to sort",https://www.nbastuffer.com/2016-2017-nba-regular-season-referee-stats/
2016-17,regular_season,Derrick Stafford,CREW,,,7,0.286,-2.9,200.3,37.3,0.475,0.525,,"Last updated through games completed on April 12, 2017 Click column headers to sort",https://www.nbastuffer.com/2016-2017-nba-regular-season-referee-stats/
2016-17,regular_season,Ed Malloy,CREW,,,35,0.686,5.6,212.7,38.1,0.529,0.47,,"Last updated through games completed on April 12, 2017 Click column headers to sort",https://www.nbastuffer.com/2016-2017-nba-regular-season-referee-stats/
2016-17,regular_season,Eric Dalen,CREW,,,58,0.586,2,207.2,38.3,0.512,0.488,,"Last updated through games completed on April 12, 2017 Click column headers to sort",https://www.nbastuffer.com/2016-2017-nba-regular-season-referee-stats/
2016-17,regular_season,Eric Lewis,CREW,,,54,0.537,2.6,209.1,40.6,0.505,0.495,,"Last updated through games completed on April 12, 2017 Click column headers to sort",https://www.nbastuffer.com/2016-2017-nba-regular-season-referee-stats/
2016-17,regular_season,Gary Zielinski,CREW,,,44,0.614,5.8,207.9,42.3,0.516,0.484,,"Last updated through games completed on April 12, 2017 Click column headers to sort",https://www.nbastuffer.com/2016-2017-nba-regular-season-referee-stats/
2016-17,regular_season,Gediminas Petraitis,CREW,,,51,0.608,4.1,211.5,39.1,0.52,0.479,,"Last updated through games completed on April 12, 2017 Click column headers to sort",https://www.nbastuffer.com/2016-2017-nba-regular-season-referee-stats/
2016-17,regular_season,Haywoode Workman,CREW,,,51,0.588,2.6,211.2,40.5,0.514,0.486,,"Last updated through games completed on April 12, 2017 Click column headers to sort",https://www.nbastuffer.com/2016-2017-nba-regular-season-referee-stats/
2016-17,regular_season,J.T. Orr,CREW,,,54,0.63,4.2,214.9,40.4,0.499,0.501,,"Last updated through games completed on April 12, 2017 Click column headers to sort",https://www.nbastuffer.com/2016-2017-nba-regular-season-referee-stats/
2016-17,regular_season,Jacyn Goble,CREW,,,34,0.559,2.1,214.2,39.3,0.516,0.485,,"Last updated through games completed on April 12, 2017 Click column headers to sort",https://www.nbastuffer.com/2016-2017-nba-regular-season-referee-stats/
2016-17,regular_season,James Williams,CREW,,,69,0.565,3.9,214.3,39.3,0.513,0.488,,"Last updated through games completed on April 12, 2017 Click column headers to sort",https://www.nbastuffer.com/2016-2017-nba-regular-season-referee-stats/
2016-17,regular_season,Jason Goldenberg,CREW,,,4,0.75,10.5,211.5,39.5,0.538,0.462,,"Last updated through games completed on April 12, 2017 Click column headers to sort",https://www.nbastuffer.com/2016-2017-nba-regular-season-referee-stats/
2016-17,regular_season,Jason Phillips,CREW,,,13,0.615,3.5,204.4,36.6,0.504,0.496,,"Last updated through games completed on April 12, 2017 Click column headers to sort",https://www.nbastuffer.com/2016-2017-nba-regular-season-referee-stats/
2016-17,regular_season,John Goble,CREW,,,44,0.636,5.1,209,40.8,0.505,0.495,,"Last updated through games completed on April 12, 2017 Click column headers to sort",https://www.nbastuffer.com/2016-2017-nba-regular-season-referee-stats/
2016-17,regular_season,Josh Tiven,CREW,,,66,0.545,2,211.2,40,0.508,0.494,,"Last updated through games completed on April 12, 2017 Click column headers to sort",https://www.nbastuffer.com/2016-2017-nba-regular-season-referee-stats/
2016-17,regular_season,Justin VanDuyne,CREW,,,58,0.69,6.1,210.9,40.6,0.51,0.489,,"Last updated through games completed on April 12, 2017 Click column headers to sort",https://www.nbastuffer.com/2016-2017-nba-regular-season-referee-stats/
2016-17,regular_season,Kane Fitzgerald,CREW,,,65,0.6,2.7,211.5,41.1,0.5,0.5,,"Last updated through games completed on April 12, 2017 Click column headers to sort",https://www.nbastuffer.com/2016-2017-nba-regular-season-referee-stats/
2016-17,regular_season,Karl Lane,CREW,,,67,0.522,2.8,210.4,39.9,0.515,0.486,,"Last updated through games completed on April 12, 2017 Click column headers to sort",https://www.nbastuffer.com/2016-2017-nba-regular-season-referee-stats/
2016-17,regular_season,Ken Mauer,CREW,,,2,0.5,7,195,39,0.436,0.564,,"Last updated through games completed on April 12, 2017 Click column headers to sort",https://www.nbastuffer.com/2016-2017-nba-regular-season-referee-stats/
2016-17,regular_season,Kevin Cutler,CREW,,,56,0.607,4.4,211.7,39.6,0.522,0.478,,"Last updated through games completed on April 12, 2017 Click column headers to sort",https://www.nbastuffer.com/2016-2017-nba-regular-season-referee-stats/
2016-17,regular_season,Kevin Scott,CREW,,,64,0.625,3.8,209.2,38.6,0.514,0.485,,"Last updated through games completed on April 12, 2017 Click column headers to sort",https://www.nbastuffer.com/2016-2017-nba-regular-season-referee-stats/
2016-17,regular_season,Lauren Holtkamp,CREW,,,44,0.545,-1.1,213.3,39.6,0.513,0.487,,"Last updated through games completed on April 12, 2017 Click column headers to sort",https://www.nbastuffer.com/2016-2017-nba-regular-season-referee-stats/
2016-17,regular_season,Leon Wood,CREW,,,36,0.611,4.5,210.8,38.3,0.518,0.482,,"Last updated through games completed on April 12, 2017 Click column headers to sort",https://www.nbastuffer.com/2016-2017-nba-regular-season-referee-stats/
2016-17,regular_season,Leroy Richardson,CREW,,,22,0.455,-1.2,211,38.9,0.49,0.509,,"Last updated through games completed on April 12, 2017 Click column headers to sort",https://www.nbastuffer.com/2016-2017-nba-regular-season-referee-stats/
2016-17,regular_season,Marat Kogut,CREW,,,59,0.576,3,210.8,40.2,0.506,0.494,,"Last updated through games completed on April 12, 2017 Click column headers to sort",https://www.nbastuffer.com/2016-2017-nba-regular-season-referee-stats/
2016-17,regular_season,Marc Davis,CREW,,,24,0.333,-3.4,219.8,37,0.502,0.498,,"Last updated through games completed on April 12, 2017 Click column headers to sort",https://www.nbastuffer.com/2016-2017-nba-regular-season-referee-stats/
2016-17,regular_season,Mark Ayotte,CREW,,,46,0.609,5.3,212.4,41.5,0.516,0.485,,"Last updated through games completed on April 12, 2017 Click column headers to sort",https://www.nbastuffer.com/2016-2017-nba-regular-season-referee-stats/
2016-17,regular_season,Mark Lindsay,CREW,,,64,0.578,2.7,211,38.9,0.51,0.489,,"Last updated through games completed on April 12, 2017 Click column headers to sort",https://www.nbastuffer.com/2016-2017-nba-regular-season-referee-stats/
2016-17,regular_season,Matt Boland,CREW,,,57,0.544,1.4,208.1,40.9,0.494,0.506,,"Last updated through games completed on April 12, 2017 Click column headers to sort",https://www.nbastuffer.com/2016-2017-nba-regular-season-referee-stats/
2016-17,regular_season,Michael Smith,CREW,,,27,0.741,6.2,211.3,39.9,0.516,0.485,,"Last updated through games completed on April 12, 2017 Click column headers to sort",https://www.nbastuffer.com/2016-2017-nba-regular-season-referee-stats/
2016-17,regular_season,Mike Callahan,CREW,,,1,1,9,225,23,0.565,0.435,,"Last updated through games completed on April 12, 2017 Click column headers to sort",https://www.nbastuffer.com/2016-2017-nba-regular-season-referee-stats/
2016-17,regular_season,Mitchell Ervin,CREW,,,45,0.533,2.2,213.5,43,0.506,0.494,,"Last updated through games completed on April 12, 2017 Click column headers to sort",https://www.nbastuffer.com/2016-2017-nba-regular-season-referee-stats/
2016-17,regular_season,Monty McCutchen,CREW,,,3,0.667,8,214.7,38,0.518,0.482,,"Last updated through games completed on April 12, 2017 Click column headers to sort",https://www.nbastuffer.com/2016-2017-nba-regular-season-referee-stats/
2016-17,regular_season,Nick Buchert,CREW,,,53,0.528,1.6,207.1,39.9,0.51,0.489,,"Last updated through games completed on April 12, 2017 Click column headers to sort",https://www.nbastuffer.com/2016-2017-nba-regular-season-referee-stats/
2016-17,regular_season,Pat Fraher,CREW,,,46,0.674,5.1,212.4,38.5,0.514,0.485,,"Last updated through games completed on April 12, 2017 Click column headers to sort",https://www.nbastuffer.com/2016-2017-nba-regular-season-referee-stats/
2016-17,regular_season,Phenizee Ransom,CREW,,,4,0.25,3,201,36.3,0.448,0.551,,"Last updated through games completed on April 12, 2017 Click column headers to sort",https://www.nbastuffer.com/2016-2017-nba-regular-season-referee-stats/
2016-17,regular_season,Rodney Mott,CREW,,,14,0.429,-1.2,209.9,37.9,0.505,0.494,,"Last updated through games completed on April 12, 2017 Click column headers to sort",https://www.nbastuffer.com/2016-2017-nba-regular-season-referee-stats/
2016-17,regular_season,Ron Garretson,CREW,,,20,0.55,0.5,213.6,39.3,0.514,0.485,,"Last updated through games completed on April 12, 2017 Click column headers to sort",https://www.nbastuffer.com/2016-2017-nba-regular-season-referee-stats/
2016-17,regular_season,Scott Foster,CREW,,,2,1,29,202,41.5,0.494,0.506,,"Last updated through games completed on April 12, 2017 Click column headers to sort",https://www.nbastuffer.com/2016-2017-nba-regular-season-referee-stats/
2016-17,regular_season,Scott Twardoski,CREW,,,49,0.592,1.9,209.1,39.3,0.503,0.497,,"Last updated through games completed on April 12, 2017 Click column headers to sort",https://www.nbastuffer.com/2016-2017-nba-regular-season-referee-stats/
2016-17,regular_season,Scott Wall,CREW,,,21,0.667,8.1,216.5,40.7,0.495,0.504,,"Last updated through games completed on April 12, 2017 Click column headers to sort",https://www.nbastuffer.com/2016-2017-nba-regular-season-referee-stats/
2016-17,regular_season,Sean Corbin,CREW,,,5,0.6,0,214,43.8,0.498,0.502,,"Last updated through games completed on April 12, 2017 Click column headers to sort",https://www.nbastuffer.com/2016-2017-nba-regular-season-referee-stats/
2016-17,regular_season,Sean Wright,CREW,,,39,0.538,1.7,212.3,42.7,0.52,0.479,,"Last updated through games completed on April 12, 2017 Click column headers to sort",https://www.nbastuffer.com/2016-2017-nba-regular-season-referee-stats/
2016-17,regular_season,Steve Anderson,CREW,,,46,0.609,1.9,211.9,40.7,0.51,0.49,,"Last updated through games completed on April 12, 2017 Click column headers to sort",https://www.nbastuffer.com/2016-2017-nba-regular-season-referee-stats/
2016-17,regular_season,Tom Washington,CREW,,,13,0.615,4.8,209.2,37.5,0.55,0.451,,"Last updated through games completed on April 12, 2017 Click column headers to sort",https://www.nbastuffer.com/2016-2017-nba-regular-season-referee-stats/
2016-17,regular_season,Tony Brown,CREW,,,47,0.596,4.4,208,40.2,0.512,0.488,,"Last updated through games completed on April 12, 2017 Click column headers to sort",https://www.nbastuffer.com/2016-2017-nba-regular-season-referee-stats/
2016-17,regular_season,Tre Maddox,CREW,,,58,0.552,2,209.7,39.4,0.518,0.483,,"Last updated through games completed on April 12, 2017 Click column headers to sort",https://www.nbastuffer.com/2016-2017-nba-regular-season-referee-stats/
2016-17,regular_season,Tyler Ford,CREW,,,58,0.603,3.9,211.6,40.8,0.52,0.479,,"Last updated through games completed on April 12, 2017 Click column headers to sort",https://www.nbastuffer.com/2016-2017-nba-regular-season-referee-stats/
2016-17,regular_season,Vladimir Voyard-Tadal,CREW,,,4,0.75,8.5,206,42,0.524,0.476,,"Last updated through games completed on April 12, 2017 Click column headers to sort",https://www.nbastuffer.com/2016-2017-nba-regular-season-referee-stats/
2016-17,regular_season,Zach Zarba,CREW,,,34,0.5,0.6,210.2,38.8,0.518,0.481,,"Last updated through games completed on April 12, 2017 Click column headers to sort",https://www.nbastuffer.com/2016-2017-nba-regular-season-referee-stats/
